-- phpMyAdmin SQL Dump
-- version 4.7.4
-- https://www.phpmyadmin.net/
--
-- Host: 127.0.0.1:3306
-- Generation Time: Nov 30, 2018 at 07:30 PM
-- Server version: 5.7.19
-- PHP Version: 7.1.9

SET SQL_MODE = "NO_AUTO_VALUE_ON_ZERO";
SET AUTOCOMMIT = 0;
START TRANSACTION;
SET time_zone = "+00:00";


/*!40101 SET @OLD_CHARACTER_SET_CLIENT=@@CHARACTER_SET_CLIENT */;
/*!40101 SET @OLD_CHARACTER_SET_RESULTS=@@CHARACTER_SET_RESULTS */;
/*!40101 SET @OLD_COLLATION_CONNECTION=@@COLLATION_CONNECTION */;
/*!40101 SET NAMES utf8mb4 */;

--
-- Database: `olivoalcazar`
--

-- --------------------------------------------------------

--
-- Table structure for table `clients`
--

DROP TABLE IF EXISTS `clients`;
CREATE TABLE IF NOT EXISTS `clients` (
  `id` int(10) UNSIGNED NOT NULL AUTO_INCREMENT,
  `name` varchar(255) COLLATE utf8mb4_unicode_ci NOT NULL,
  `phone` varchar(255) COLLATE utf8mb4_unicode_ci NOT NULL,
  `tour` int(11) NOT NULL,
  `zone_id` varchar(255) COLLATE utf8mb4_unicode_ci DEFAULT NULL,
  `litre` int(11) DEFAULT NULL,
  `payed_by` int(11) DEFAULT NULL,
  `payed_at` timestamp NULL DEFAULT NULL,
  `served_by` int(11) DEFAULT NULL,
  `served_at` timestamp NULL DEFAULT NULL,
  `created_at` timestamp NULL DEFAULT NULL,
  `updated_at` timestamp NULL DEFAULT NULL,
  `deleted_at` timestamp NULL DEFAULT NULL,
  PRIMARY KEY (`id`)
) ENGINE=InnoDB AUTO_INCREMENT=195 DEFAULT CHARSET=utf8mb4 COLLATE=utf8mb4_unicode_ci ROW_FORMAT=DYNAMIC;

--
-- Dumping data for table `clients`
--

INSERT INTO `clients` (`id`, `name`, `phone`, `tour`, `zone_id`, `litre`, `payed_by`, `payed_at`, `served_by`, `served_at`, `created_at`, `updated_at`, `deleted_at`) VALUES
(2, 'Mohamd elbergi', '0678042402', 1, NULL, NULL, 3, '2018-11-15 14:16:37', 3, '2018-11-15 14:16:45', '2018-11-10 10:22:00', '2018-11-15 14:16:45', NULL),
(3, 'Abderahman senni', '0637674574', 2, NULL, NULL, 3, '2018-11-11 13:56:20', 3, '2018-11-11 14:44:53', '2018-11-10 10:57:50', '2018-11-11 14:44:53', NULL),
(5, 'Ahmed hamraoui', '0662267184', 3, NULL, NULL, 3, '2018-11-11 13:06:09', 3, '2018-11-11 14:16:05', '2018-11-11 10:41:04', '2018-11-11 14:16:05', NULL),
(7, 'Mestaoha kasas', '069999999', 5, NULL, NULL, 3, '2018-11-12 09:21:11', 3, '2018-11-12 09:21:24', '2018-11-11 14:50:09', '2018-11-12 09:21:24', NULL),
(8, 'Krabi abdesalm', '066666', 6, NULL, NULL, 5, '2018-11-11 16:44:24', 5, '2018-11-11 16:45:24', '2018-11-11 14:53:44', '2018-11-11 16:45:24', NULL),
(9, 'Bn ayad', '99999', 7, NULL, NULL, 5, '2018-11-11 18:09:02', 5, '2018-11-11 18:09:06', '2018-11-11 15:34:45', '2018-11-11 18:09:06', NULL),
(11, 'Mestaoha kasas', '06666966', 0, NULL, NULL, 3, '2018-11-12 09:24:21', 3, '2018-11-12 09:24:44', '2018-11-12 09:23:48', '2018-11-12 09:24:44', NULL),
(12, 'Meztapha kasas', '06666666', 0, NULL, NULL, 3, '2018-11-15 11:59:45', 3, '2018-11-15 12:00:18', '2018-11-12 14:58:52', '2018-11-15 12:00:18', NULL),
(13, 'Chrif', '0618190377', 2, NULL, NULL, 3, '2018-11-13 18:18:56', 3, '2018-11-13 18:20:09', '2018-11-13 10:54:29', '2018-11-13 18:20:09', NULL),
(14, 'Gharbawi ahmed', '0681761787', 3, NULL, NULL, NULL, NULL, NULL, NULL, '2018-11-13 11:39:29', '2018-11-18 10:40:23', NULL),
(15, 'Khabor', '0654768715', 4, NULL, NULL, 3, '2018-11-15 11:57:55', 3, '2018-11-15 11:58:11', '2018-11-13 13:45:14', '2018-11-15 11:58:11', NULL),
(16, 'Zahti abderhman', '0666986627', 5, NULL, NULL, 3, '2018-11-13 18:37:34', 3, '2018-11-13 18:40:21', '2018-11-13 14:17:33', '2018-11-13 18:40:21', NULL),
(17, 'Damri', '0699999999', 6, NULL, NULL, 3, '2018-11-13 19:43:09', 3, '2018-11-13 19:43:40', '2018-11-13 15:13:59', '2018-11-13 19:43:40', NULL),
(18, 'Damri', '06999999', 7, NULL, NULL, 3, '2018-11-13 19:42:53', 3, '2018-11-13 19:43:56', '2018-11-13 15:17:59', '2018-11-13 19:43:56', NULL),
(19, 'Azdin', '069999999', 9, NULL, NULL, 3, '2018-11-13 19:48:02', 3, '2018-11-13 19:52:01', '2018-11-13 17:19:40', '2018-11-13 19:52:01', NULL),
(32, 'Abderahman sounni', '0626780420', 64, NULL, NULL, 3, '2018-11-17 15:10:19', 6, '2018-11-17 15:41:07', '2018-11-17 15:09:28', '2018-11-17 15:41:07', NULL),
(33, 'Mohamed lfrem', '0674051048', 80, '8', NULL, 3, '2018-11-17 16:29:55', 6, '2018-11-17 16:31:08', '2018-11-17 15:42:51', '2018-11-17 16:31:08', NULL),
(34, 'Kharchoufi mohamed', '0618189909', 81, '8', NULL, 3, '2018-11-17 17:07:05', 3, '2018-11-17 17:08:55', '2018-11-17 15:46:40', '2018-11-17 17:08:55', NULL),
(35, 'Rebi3i mohamef', '06', 82, NULL, NULL, 3, '2018-11-17 17:07:12', 3, '2018-11-17 17:08:43', '2018-11-17 15:50:07', '2018-11-17 17:08:43', NULL),
(36, 'Elmerini abdelaziz', '0616851998', 83, NULL, NULL, 3, '2018-11-17 16:33:53', 3, '2018-11-17 17:29:11', '2018-11-17 15:59:47', '2018-11-17 17:29:11', NULL),
(37, 'Noureddin broufal', '0671205401', 90, NULL, NULL, 3, '2018-11-18 15:29:27', 3, '2018-11-18 15:35:58', '2018-11-18 10:22:56', '2018-11-18 15:35:58', NULL),
(38, 'Ali', '0661681296', 85, NULL, NULL, 3, '2018-11-18 14:25:35', 3, '2018-11-18 14:56:27', '2018-11-18 10:50:31', '2018-11-18 14:56:27', NULL),
(39, 'Elbachir', '0666611513', 86, NULL, NULL, 3, '2018-11-18 14:45:16', 3, '2018-11-18 14:56:16', '2018-11-18 10:52:37', '2018-11-18 14:56:16', NULL),
(40, 'Nn', '302', 87, NULL, NULL, NULL, NULL, NULL, NULL, '2018-11-18 10:53:33', '2018-11-18 10:53:33', NULL),
(41, 'Elabbasi', '06', 91, NULL, NULL, 3, '2018-11-18 15:56:58', 3, '2018-11-18 16:12:58', '2018-11-18 11:29:31', '2018-11-18 16:12:58', NULL),
(42, 'Elabbasi', '06', 92, NULL, NULL, 3, '2018-11-18 16:08:56', 3, '2018-11-18 16:12:27', '2018-11-18 11:35:15', '2018-11-18 16:12:27', NULL),
(43, 'Elabbasi', '06', 93, NULL, NULL, 3, '2018-11-18 16:17:31', 3, '2018-11-18 16:20:12', '2018-11-18 11:45:56', '2018-11-18 16:20:12', NULL),
(44, 'Benzina mohamed', '0670064466', 99, NULL, NULL, 3, '2018-11-19 10:41:34', 3, '2018-11-19 10:52:15', '2018-11-18 11:54:25', '2018-11-19 10:52:15', NULL),
(45, 'Ibrahim', '0650299168', 94, NULL, NULL, 3, '2018-11-18 18:39:28', 3, '2018-11-18 18:42:26', '2018-11-18 11:56:02', '2018-11-18 18:42:26', NULL),
(46, 'Chlouchi', '06', 95, NULL, NULL, 3, '2018-11-18 18:42:14', 3, '2018-11-18 18:42:17', '2018-11-18 11:57:43', '2018-11-18 18:42:17', NULL),
(48, 'Elabbassi', '06', 97, NULL, NULL, NULL, NULL, NULL, NULL, '2018-11-18 12:12:18', '2018-11-18 12:12:18', NULL),
(49, 'Elabasi lbi3', '0677868022', 98, NULL, NULL, NULL, NULL, NULL, NULL, '2018-11-18 12:15:49', '2018-11-18 12:15:49', NULL),
(50, 'Ss', '0673596248', 88, NULL, NULL, 3, '2018-11-18 15:00:25', 3, '2018-11-18 15:04:23', '2018-11-18 12:34:06', '2018-11-18 15:04:23', NULL),
(51, 'Ss', '0670544458', 89, NULL, NULL, 3, '2018-11-18 14:45:52', 3, '2018-11-18 14:56:02', '2018-11-18 12:34:55', '2018-11-18 14:56:02', NULL),
(52, 'Ss', '06', 100, NULL, NULL, 3, '2018-11-18 16:56:43', 3, '2018-11-18 16:58:29', '2018-11-18 13:44:46', '2018-11-18 16:58:29', NULL),
(53, 'Ss', '06', 101, NULL, NULL, 3, '2018-11-18 17:05:59', 3, '2018-11-18 17:06:08', '2018-11-18 13:45:49', '2018-11-18 17:06:08', NULL),
(54, 'Kamal rifi', '0655504012', 104, NULL, NULL, 3, '2018-11-18 15:46:51', 3, '2018-11-18 17:38:17', '2018-11-18 13:52:30', '2018-11-18 17:38:17', NULL),
(55, 'Hassan elkourachi 105', '0610420264', 206, NULL, NULL, 3, '2018-11-23 19:14:18', 3, '2018-11-23 19:17:57', '2018-11-18 13:58:14', '2018-11-23 19:17:57', NULL),
(56, 'Abdelaziz', '0668926075', 106, NULL, NULL, 3, '2018-11-19 10:04:52', 3, '2018-11-19 10:12:53', '2018-11-18 14:10:52', '2018-11-19 10:12:53', NULL),
(57, 'Ss', '06', 103, NULL, NULL, 3, '2018-11-18 17:33:36', 3, '2018-11-18 17:35:18', '2018-11-18 14:30:13', '2018-11-18 17:35:18', NULL),
(58, 'Ss', '06', 162, NULL, NULL, 3, '2018-11-22 15:54:07', 3, '2018-11-22 15:54:18', '2018-11-18 14:50:03', '2018-11-22 15:54:18', NULL),
(59, 'Rafik', '0689538339', 108, NULL, NULL, 3, '2018-11-18 18:03:42', 3, '2018-11-18 18:04:32', '2018-11-18 14:55:06', '2018-11-18 18:04:32', NULL),
(60, 'Ss', '06', 109, NULL, NULL, 3, '2018-11-18 20:50:36', 3, '2018-11-18 20:51:03', '2018-11-18 15:55:32', '2018-11-18 20:51:03', NULL),
(61, 'Zaki', '0622051333', 115, NULL, NULL, 3, '2018-11-18 19:09:23', 3, '2018-11-18 19:13:00', '2018-11-18 16:31:52', '2018-11-18 19:13:00', NULL),
(62, 'Lhajj', '06', 116, NULL, NULL, 3, '2018-11-18 20:15:10', 3, '2018-11-18 20:15:37', '2018-11-18 16:43:37', '2018-11-18 20:15:37', NULL),
(63, 'Jamal', '0661972623', 117, NULL, NULL, 3, '2018-11-20 13:08:32', 3, '2018-11-20 13:11:34', '2018-11-18 17:47:14', '2018-11-20 13:11:34', NULL),
(64, 'Mohamed loudiyi', '0661730134', 118, NULL, NULL, 3, '2018-11-18 20:56:49', 3, '2018-11-18 21:00:02', '2018-11-18 19:10:26', '2018-11-18 21:00:02', NULL),
(65, 'Ss', '0691333030', 119, NULL, NULL, 3, '2018-11-18 20:19:03', 3, '2018-11-18 20:19:07', '2018-11-18 20:00:38', '2018-11-18 20:19:07', NULL),
(66, 'Elallali mestapha', '06', 120, NULL, NULL, 3, '2018-11-19 14:54:54', 3, '2018-11-19 14:55:53', '2018-11-19 08:05:49', '2018-11-19 14:55:53', NULL),
(67, 'Omar bn hada', '0626087555', 121, NULL, NULL, 3, '2018-11-19 16:05:21', 3, '2018-11-19 16:06:15', '2018-11-19 11:07:35', '2018-11-19 16:06:15', NULL),
(68, 'Bousslham touil', '0667683584', 122, NULL, NULL, 3, '2018-11-19 16:05:12', 3, '2018-11-19 16:06:30', '2018-11-19 11:11:26', '2018-11-19 16:06:30', NULL),
(69, 'AHmed bn hadda', '06', 123, NULL, NULL, 3, '2018-11-19 16:05:52', 3, '2018-11-19 16:06:38', '2018-11-19 11:14:30', '2018-11-19 16:06:38', NULL),
(70, 'Bn hadda', '06', 124, NULL, NULL, 3, '2018-11-19 16:05:47', 3, '2018-11-19 16:06:44', '2018-11-19 11:16:04', '2018-11-19 16:06:44', NULL),
(71, 'Bn hadda', '06', 125, NULL, NULL, 3, '2018-11-19 16:05:41', 3, '2018-11-19 16:06:07', '2018-11-19 11:19:19', '2018-11-19 16:06:07', NULL),
(72, 'Abdelaziz selmouni', '0618022614', 126, NULL, NULL, 3, '2018-11-19 15:57:42', 3, '2018-11-19 16:38:20', '2018-11-19 11:29:08', '2018-11-19 16:38:20', NULL),
(73, 'Abdelaziz selmouni 2', '06', 127, NULL, NULL, 3, '2018-11-19 15:55:56', 3, '2018-11-19 16:31:59', '2018-11-19 11:40:00', '2018-11-19 16:31:59', NULL),
(74, 'Larbi', '0607991949', 128, NULL, NULL, 3, '2018-11-21 11:48:40', 3, '2018-11-21 11:48:43', '2018-11-19 12:35:50', '2018-11-21 11:48:43', NULL),
(75, 'Bouslham hamoumia', '06', 129, NULL, NULL, 3, '2018-11-19 16:41:36', 3, '2018-11-19 16:42:21', '2018-11-19 12:57:09', '2018-11-19 16:42:21', NULL),
(76, 'Mouad', '0612723366', 130, NULL, NULL, 3, '2018-11-19 17:32:27', 3, '2018-11-19 17:32:32', '2018-11-19 12:59:25', '2018-11-19 17:32:32', NULL),
(77, 'Ahmed affa', '06', 131, NULL, NULL, 3, '2018-11-19 16:49:49', 3, '2018-11-19 16:51:11', '2018-11-19 13:10:01', '2018-11-19 16:51:11', NULL),
(78, 'Hassan lbi3 401', '06', 205, NULL, NULL, 3, '2018-11-23 19:08:10', 3, '2018-11-23 19:08:19', '2018-11-19 13:20:49', '2018-11-23 19:08:19', NULL),
(79, 'Elarbi elhoumani', '0667983350', 132, NULL, NULL, 3, '2018-11-19 17:18:51', 3, '2018-11-19 17:40:13', '2018-11-19 13:31:34', '2018-11-19 17:40:13', NULL),
(80, 'Lhajj abdsallam', '0762513766', 133, NULL, NULL, 3, '2018-11-19 17:35:59', 3, '2018-11-19 17:36:59', '2018-11-19 15:55:44', '2018-11-19 17:36:59', NULL),
(81, 'Chlouchi', '06', 178, NULL, NULL, 3, '2018-11-22 17:35:05', 3, '2018-11-22 17:50:38', '2018-11-19 16:02:53', '2018-11-22 17:50:38', NULL),
(82, 'Chlouchi', '06', 403, NULL, NULL, NULL, NULL, NULL, NULL, '2018-11-19 16:05:51', '2018-11-19 16:05:51', NULL),
(83, 'Chloucho', '06', 165, '9', NULL, NULL, NULL, NULL, NULL, '2018-11-19 16:11:39', '2018-11-22 14:48:05', NULL),
(84, 'Chlouchi', '06', 405, NULL, NULL, 3, '2018-11-22 11:19:56', 3, '2018-11-22 11:20:35', '2018-11-19 16:15:21', '2018-11-22 11:20:35', NULL),
(85, 'Chlouchi', '06', 406, NULL, NULL, 3, '2018-11-22 11:09:59', 3, '2018-11-22 11:19:43', '2018-11-19 16:18:02', '2018-11-22 11:19:43', NULL),
(86, 'Mohamed khabour', '06', 134, NULL, NULL, 3, '2018-11-20 13:10:18', 3, '2018-11-20 13:10:50', '2018-11-19 16:35:29', '2018-11-20 13:10:50', NULL),
(87, 'Hassan lbi3', '06', 135, NULL, NULL, 3, '2018-11-20 17:50:05', 3, '2018-11-20 17:50:16', '2018-11-19 16:51:09', '2018-11-20 17:50:16', NULL),
(88, 'Hasan', '069999999', 136, NULL, NULL, 3, '2018-11-20 17:50:31', 3, '2018-11-20 17:50:45', '2018-11-19 17:32:34', '2018-11-20 17:50:45', NULL),
(89, 'Sefri mohamed', '06', 138, NULL, NULL, 3, '2018-11-20 16:04:04', 3, '2018-11-20 16:04:10', '2018-11-20 12:43:46', '2018-11-20 16:04:10', NULL),
(90, 'El younosi ahmed', '06', 139, NULL, NULL, 3, '2018-11-20 15:59:26', 3, '2018-11-20 16:04:31', '2018-11-20 12:47:39', '2018-11-20 16:04:31', NULL),
(91, 'Ss', '06', 137, NULL, NULL, 3, '2018-11-21 11:34:23', 3, '2018-11-21 11:34:26', '2018-11-20 14:54:01', '2018-11-21 11:34:26', NULL),
(92, 'Said el hamoumi', '06', 140, NULL, NULL, 3, '2018-11-20 16:56:40', 3, '2018-11-20 16:56:48', '2018-11-20 15:03:45', '2018-11-20 16:56:48', NULL),
(96, 'Said', '0623497393', 142, NULL, NULL, 3, '2018-11-21 13:11:53', 3, '2018-11-21 13:12:13', '2018-11-21 08:11:05', '2018-11-21 13:12:13', NULL),
(97, 'Ss', '06', 144, NULL, NULL, NULL, NULL, NULL, NULL, '2018-11-21 10:32:25', '2018-11-21 10:32:25', NULL),
(98, 'Abdeillah hrik', '0636333125', 145, NULL, NULL, 3, '2018-11-21 13:58:25', 3, '2018-11-21 13:58:34', '2018-11-21 10:38:58', '2018-11-21 13:58:34', NULL),
(99, 'Taimonsi said', '06', 146, NULL, NULL, 3, '2018-11-21 13:38:15', 3, '2018-11-21 13:38:22', '2018-11-21 10:41:09', '2018-11-21 13:38:22', NULL),
(100, 'Sbaai mohamed', '06', 143, NULL, NULL, 3, '2018-11-21 13:19:20', 3, '2018-11-21 13:20:32', '2018-11-21 10:48:52', '2018-11-21 13:20:32', NULL),
(101, 'Zakaria chakhat', '0673476772', 147, NULL, NULL, 3, '2018-11-21 14:12:47', 3, '2018-11-21 14:15:55', '2018-11-21 10:55:50', '2018-11-21 14:15:55', NULL),
(102, 'Elhamdaoui mohamed', '06', 148, NULL, NULL, 3, '2018-11-21 14:01:28', 3, '2018-11-21 14:01:40', '2018-11-21 11:04:30', '2018-11-21 14:01:40', NULL),
(103, 'Soad el kasimi', '06', 149, NULL, NULL, 3, '2018-11-21 14:17:58', 3, '2018-11-21 14:18:19', '2018-11-21 11:06:57', '2018-11-21 14:18:19', NULL),
(104, 'Hassan massa', '06', 150, NULL, NULL, 3, '2018-11-21 14:45:18', 3, '2018-11-21 14:45:22', '2018-11-21 11:12:23', '2018-11-21 14:45:22', NULL),
(105, 'Omar', '06', 151, NULL, NULL, 3, '2018-11-23 20:24:45', 3, '2018-11-23 20:24:48', '2018-11-21 11:19:58', '2018-11-23 20:24:48', NULL),
(106, 'Zahra el arrach', '06', 152, NULL, NULL, 3, '2018-11-21 14:35:01', 3, '2018-11-21 14:36:41', '2018-11-21 11:22:51', '2018-11-21 14:36:41', NULL),
(107, 'Lhajj serhani abdessalam', '06', 153, NULL, NULL, 3, '2018-11-21 14:15:27', 3, '2018-11-21 14:15:34', '2018-11-21 12:06:12', '2018-11-21 14:15:34', NULL),
(108, 'Hatim zakki', '0675890741', 154, NULL, NULL, 3, '2018-11-21 15:25:04', 3, '2018-11-21 15:26:43', '2018-11-21 12:41:58', '2018-11-21 15:26:43', NULL),
(109, 'Amin', '0649962435', 155, NULL, NULL, 3, '2018-11-21 16:21:30', 3, '2018-11-21 16:21:52', '2018-11-21 13:02:45', '2018-11-21 16:21:52', NULL),
(110, 'Elouazani thami', '0677880553', 156, NULL, NULL, 3, '2018-11-21 16:29:39', 3, '2018-11-21 16:33:20', '2018-11-21 13:07:25', '2018-11-21 16:33:20', NULL),
(113, 'Bachir', '0666611513', 157, NULL, NULL, 3, '2018-11-21 17:19:23', 3, '2018-11-21 17:19:27', '2018-11-21 13:25:08', '2018-11-21 17:19:27', NULL),
(114, 'Mohammed amine', '0604083992', 158, NULL, NULL, 3, '2018-11-21 16:54:08', 3, '2018-11-21 16:56:44', '2018-11-21 13:28:49', '2018-11-21 16:56:44', NULL),
(116, 'Deraaoui', '06', 159, NULL, NULL, 3, '2018-11-21 17:01:22', 3, '2018-11-21 17:02:04', '2018-11-21 13:41:13', '2018-11-21 17:02:04', NULL),
(117, 'Aziz', '0661981643', 160, NULL, NULL, 3, '2018-11-21 17:54:29', 3, '2018-11-21 18:03:17', '2018-11-21 15:40:48', '2018-11-21 18:03:17', NULL),
(118, 'Zoubair', '0626730909', 161, NULL, NULL, 3, '2018-11-21 17:28:28', 3, '2018-11-21 17:38:03', '2018-11-21 15:53:00', '2018-11-21 17:38:03', NULL),
(120, 'Mustapha ch', '0766338528', 163, NULL, NULL, 3, '2018-11-22 08:51:12', 3, '2018-11-22 14:02:56', '2018-11-22 08:49:13', '2018-11-22 14:02:56', NULL),
(121, 'Mohammed el abbassi', '0650113958', 164, NULL, NULL, 3, '2018-11-22 14:18:09', 3, '2018-11-22 14:19:23', '2018-11-22 09:07:07', '2018-11-22 14:19:23', NULL),
(122, 'El hatimi abdellah', '0678112233', 166, NULL, NULL, 3, '2018-11-22 15:33:11', 3, '2018-11-22 15:33:14', '2018-11-22 10:52:09', '2018-11-22 15:33:14', NULL),
(123, 'El hatimi abdellah', '0678112233', 167, NULL, NULL, 3, '2018-11-22 15:52:23', 3, '2018-11-22 15:52:29', '2018-11-22 10:55:33', '2018-11-22 15:52:29', NULL),
(124, 'El mejdoub', '0691305535', 168, NULL, NULL, 3, '2018-11-22 15:07:28', 3, '2018-11-22 15:07:31', '2018-11-22 11:10:44', '2018-11-22 15:07:31', NULL),
(125, 'Ss', '06', 169, NULL, NULL, 3, '2018-11-22 15:41:04', 3, '2018-11-22 15:41:12', '2018-11-22 11:38:59', '2018-11-22 15:41:12', NULL),
(126, 'Ss', '06', 170, NULL, NULL, 3, '2018-11-22 15:40:43', 3, '2018-11-22 15:40:53', '2018-11-22 11:39:51', '2018-11-22 15:40:53', NULL),
(128, 'Doctor', '06', 171, NULL, NULL, 3, '2018-11-22 15:59:50', 3, '2018-11-22 15:59:52', '2018-11-22 12:00:32', '2018-11-22 15:59:52', NULL),
(129, 'Moad', '0658248027', 172, NULL, NULL, 3, '2018-11-22 16:13:12', 3, '2018-11-22 16:13:20', '2018-11-22 12:07:00', '2018-11-22 16:13:20', NULL),
(130, 'Mohammed kala', '0687156359', 173, NULL, NULL, 3, '2018-11-22 12:36:38', 3, '2018-11-22 16:08:03', '2018-11-22 12:30:50', '2018-11-22 16:08:03', NULL),
(131, 'Hassan lbi3 431', '06', 219, NULL, NULL, NULL, NULL, NULL, NULL, '2018-11-22 13:41:03', '2018-11-24 11:24:42', NULL),
(134, 'Ahmed', '06', 174, NULL, NULL, 3, '2018-11-22 16:54:47', 3, '2018-11-22 17:04:26', '2018-11-22 14:05:24', '2018-11-22 17:04:26', NULL),
(135, 'Amar', '06', 175, NULL, NULL, 3, '2018-11-22 16:55:05', 3, '2018-11-22 17:04:14', '2018-11-22 14:10:26', '2018-11-22 17:04:14', NULL),
(136, 'Mustapha', '0662660059', 177, NULL, NULL, 3, '2018-11-22 17:18:14', 3, '2018-11-22 17:18:20', '2018-11-22 14:24:30', '2018-11-22 17:18:20', NULL),
(137, 'Hamza', '0697240488', 176, NULL, NULL, 3, '2018-11-23 20:25:06', 3, '2018-11-23 20:25:09', '2018-11-22 14:25:50', '2018-11-23 20:25:09', NULL),
(138, 'Hassan lbi3', '06', 432, NULL, NULL, NULL, NULL, NULL, NULL, '2018-11-22 14:33:20', '2018-11-22 14:33:20', NULL),
(139, 'Hassan lbi3', '06', 433, NULL, NULL, NULL, NULL, NULL, NULL, '2018-11-22 14:55:41', '2018-11-22 14:55:41', NULL),
(140, 'Hassan lbi3 434', '06', 446, NULL, NULL, NULL, NULL, NULL, NULL, '2018-11-22 15:04:42', '2018-11-24 14:52:16', NULL),
(141, 'Hassan lbi3', '06', 435, NULL, NULL, NULL, NULL, NULL, NULL, '2018-11-22 15:06:52', '2018-11-22 15:06:52', NULL),
(142, 'Hassan lbi3', '06', 436, NULL, NULL, NULL, NULL, NULL, NULL, '2018-11-22 15:13:32', '2018-11-22 15:13:32', NULL),
(143, 'Hassan lbi3 437', '06', 218, NULL, NULL, NULL, NULL, NULL, NULL, '2018-11-22 17:16:37', '2018-11-24 11:23:34', NULL),
(144, 'Hassan lbi3 438', '06', 217, NULL, NULL, NULL, NULL, NULL, NULL, '2018-11-22 17:18:48', '2018-11-24 11:21:48', NULL),
(145, 'Hassan lbi3 439+440', '06', 208, NULL, NULL, NULL, NULL, NULL, NULL, '2018-11-22 17:22:26', '2018-11-23 17:41:40', NULL),
(147, 'Moad', '0648172293', 185, NULL, NULL, 3, '2018-11-23 16:32:26', 3, '2018-11-23 16:32:30', '2018-11-23 07:21:29', '2018-11-23 16:32:30', NULL),
(148, 'Chlouchi mohammed', '0663883968', 186, NULL, NULL, 3, '2018-11-23 14:59:56', 3, '2018-11-23 15:00:06', '2018-11-23 09:46:44', '2018-11-23 15:00:06', NULL),
(149, 'El ftikh mohammed', '0653320262', 187, NULL, NULL, 3, '2018-11-23 10:07:08', 3, '2018-11-23 16:07:24', '2018-11-23 10:02:06', '2018-11-23 16:07:24', NULL),
(150, 'Hassan lbi3', '06', 188, NULL, NULL, NULL, NULL, NULL, NULL, '2018-11-23 10:16:21', '2018-11-23 10:16:21', NULL),
(151, 'Mustapha', '0667287864', 189, NULL, NULL, 3, '2018-11-23 16:39:51', 3, '2018-11-23 16:48:20', '2018-11-23 10:24:47', '2018-11-23 16:48:20', NULL),
(152, 'Abdessalam el harrak', '0673245689', 190, NULL, NULL, 3, '2018-11-23 15:10:57', 3, '2018-11-23 16:32:46', '2018-11-23 10:34:46', '2018-11-23 16:32:46', NULL),
(153, 'Bilal el otmani', '06', 191, NULL, NULL, 3, '2018-11-23 15:54:57', 3, '2018-11-23 16:49:38', '2018-11-23 10:38:07', '2018-11-23 16:49:38', NULL),
(154, 'Bilal El otmani', '06', 192, NULL, NULL, 3, '2018-11-23 15:56:04', 3, '2018-11-23 16:54:27', '2018-11-23 10:40:12', '2018-11-23 16:54:27', NULL),
(155, 'Mustapha temsamani', '0655790972', 193, NULL, NULL, 3, '2018-11-23 16:53:17', 3, '2018-11-23 16:59:44', '2018-11-23 10:56:30', '2018-11-23 16:59:44', NULL),
(156, 'Azzouze mohammzd', '0667429301', 194, NULL, NULL, 3, '2018-11-24 08:45:35', 3, '2018-11-24 13:13:52', '2018-11-23 12:11:06', '2018-11-24 13:13:52', NULL),
(157, 'Nourddin', '0661310347', 195, NULL, NULL, 3, '2018-11-23 17:44:48', 3, '2018-11-23 17:44:56', '2018-11-23 12:17:19', '2018-11-23 17:44:56', NULL),
(158, 'Rachid', '06', 196, NULL, NULL, 3, '2018-11-23 17:05:14', 3, '2018-11-23 17:45:59', '2018-11-23 13:55:12', '2018-11-23 17:45:59', NULL),
(159, 'Hamid', '0623049765', 197, NULL, NULL, 3, '2018-11-23 17:48:43', 3, '2018-11-23 17:48:56', '2018-11-23 14:06:31', '2018-11-23 17:48:56', NULL),
(160, 'Rachid el kebir', '0661730128', 198, NULL, NULL, 3, '2018-11-23 18:02:24', 3, '2018-11-23 18:04:36', '2018-11-23 14:45:19', '2018-11-23 18:04:36', NULL),
(161, 'Said dodoh', '0697323439', 199, NULL, NULL, 3, '2018-11-23 18:11:02', 3, '2018-11-23 18:24:30', '2018-11-23 14:52:43', '2018-11-23 18:24:30', NULL),
(162, 'Said dodoh', '06', 200, NULL, NULL, 3, '2018-11-23 18:42:09', 3, '2018-11-23 18:44:28', '2018-11-23 14:55:04', '2018-11-23 18:44:28', NULL),
(163, 'Said dodoh', '06', 201, NULL, NULL, 3, '2018-11-23 18:24:00', 3, '2018-11-23 18:24:22', '2018-11-23 14:59:26', '2018-11-23 18:24:22', NULL),
(164, 'El ghazi mohammed', '0622713148', 202, NULL, NULL, 3, '2018-11-23 18:29:34', 3, '2018-11-23 18:35:43', '2018-11-23 15:01:49', '2018-11-23 18:35:43', NULL),
(165, 'El younssi mihammed', '0623034025', 203, NULL, NULL, 3, '2018-11-23 19:00:00', 3, '2018-11-23 19:02:24', '2018-11-23 15:04:53', '2018-11-23 19:02:24', NULL),
(166, 'El maaroufi ahmed', '0639196065', 204, NULL, NULL, 3, '2018-11-23 18:37:09', 3, '2018-11-23 18:37:40', '2018-11-23 15:10:07', '2018-11-23 18:37:40', NULL),
(169, 'Said chmarekh', '0673511120', 207, NULL, NULL, 3, '2018-11-23 19:23:02', 3, '2018-11-23 19:23:11', '2018-11-23 16:29:45', '2018-11-23 19:23:11', NULL),
(170, 'Benkhayra abdessalam', '0617281085', 209, NULL, NULL, 3, '2018-11-24 08:39:46', 3, '2018-11-24 17:49:11', '2018-11-24 08:35:53', '2018-11-24 17:49:11', NULL),
(171, 'El arbi', '06', 210, NULL, NULL, 3, '2018-11-24 13:47:15', 3, '2018-11-24 13:59:31', '2018-11-24 08:57:01', '2018-11-24 13:59:31', NULL),
(172, 'Amina', '06', 211, NULL, NULL, 3, '2018-11-24 13:45:00', 3, '2018-11-24 14:10:19', '2018-11-24 09:00:05', '2018-11-24 14:10:19', NULL),
(173, 'El haouari', '0664906532', 212, NULL, NULL, 3, '2018-11-24 14:19:54', 3, '2018-11-24 14:20:53', '2018-11-24 09:41:05', '2018-11-24 14:20:53', NULL),
(174, 'Othman', '0634423504', 213, NULL, NULL, 3, '2018-11-24 14:26:48', 3, '2018-11-24 14:26:55', '2018-11-24 09:44:28', '2018-11-24 14:26:55', NULL),
(175, 'Abdellah el ouazzani', '0668163270', 214, NULL, NULL, 3, '2018-11-24 14:38:13', 3, '2018-11-24 14:38:22', '2018-11-24 11:04:44', '2018-11-24 14:38:22', NULL),
(176, 'El ahmar said', '0673306862', 215, NULL, NULL, 3, '2018-11-24 15:38:53', 3, '2018-11-24 15:38:57', '2018-11-24 11:07:22', '2018-11-24 15:38:57', NULL),
(177, 'El ahmar bouselam', '06', 216, NULL, NULL, NULL, NULL, NULL, NULL, '2018-11-24 11:11:48', '2018-11-24 11:11:48', NULL),
(178, 'Griba abdessalam', '0636115974', 220, NULL, NULL, 3, '2018-11-24 13:00:42', 3, '2018-11-24 16:03:55', '2018-11-24 12:36:35', '2018-11-24 16:03:55', NULL),
(179, 'Ahmed azzouz', '0668297494', 221, NULL, NULL, 3, '2018-11-24 15:58:05', 3, '2018-11-24 16:19:46', '2018-11-24 13:32:17', '2018-11-24 16:19:46', NULL),
(180, 'Mohammed ammor', '0662637710', 222, NULL, NULL, 3, '2018-11-24 16:45:34', 3, '2018-11-24 16:50:37', '2018-11-24 13:54:29', '2018-11-24 16:50:37', NULL),
(181, 'Mustapha rhouni', '0662637710', 223, NULL, NULL, 3, '2018-11-24 16:48:23', 3, '2018-11-24 16:50:29', '2018-11-24 13:58:32', '2018-11-24 16:50:29', NULL),
(182, 'Driss El haj', '0662637710', 224, NULL, NULL, 3, '2018-11-24 17:22:30', 3, '2018-11-24 17:22:33', '2018-11-24 14:03:52', '2018-11-24 17:22:33', NULL),
(183, 'Walid', '0603295139', 225, NULL, NULL, 3, '2018-11-24 16:01:49', 3, '2018-11-24 17:01:37', '2018-11-24 14:06:28', '2018-11-24 17:01:37', NULL),
(184, 'How mohamed', '0615085370', 226, NULL, NULL, 3, '2018-11-24 14:40:51', 3, '2018-11-24 17:22:03', '2018-11-24 14:17:40', '2018-11-24 17:22:03', NULL),
(185, 'Latifa to l hajji', '0666102325', 227, NULL, NULL, 3, '2018-11-24 17:36:40', 3, '2018-11-24 17:40:53', '2018-11-24 14:20:23', '2018-11-24 17:40:53', NULL),
(186, 'El bouhssini nourdin', '0666102325', 228, NULL, NULL, 3, '2018-11-24 17:41:15', 3, '2018-11-24 17:46:16', '2018-11-24 14:27:42', '2018-11-24 17:46:16', NULL),
(187, 'Mustapha benrkia', '0661751451', 229, NULL, NULL, 3, '2018-11-24 17:43:07', 3, '2018-11-24 18:54:02', '2018-11-24 16:35:39', '2018-11-24 18:54:02', NULL),
(188, 'Abdessalam benrkia', '0661751451', 230, NULL, NULL, 3, '2018-11-24 17:43:32', 3, '2018-11-24 18:54:10', '2018-11-24 16:38:35', '2018-11-24 18:54:10', NULL),
(189, 'El arbi harraki', '06', 231, NULL, NULL, 3, '2018-11-24 18:42:33', 3, '2018-11-24 18:42:54', '2018-11-24 17:28:54', '2018-11-24 18:42:54', NULL),
(190, 'Abdelali', '0663427258', 232, NULL, NULL, NULL, NULL, NULL, NULL, '2018-11-24 19:44:31', '2018-11-24 19:44:31', NULL),
(191, 'Omar ben moussa', '0610144307', 233, NULL, NULL, NULL, NULL, NULL, NULL, '2018-11-24 20:00:50', '2018-11-24 20:00:50', NULL),
(192, 'Omar ben mouassa', '06', 234, NULL, NULL, NULL, NULL, NULL, NULL, '2018-11-24 20:13:21', '2018-11-24 20:13:21', NULL),
(193, 'Omar ben mouassa', '06', 235, NULL, NULL, NULL, NULL, NULL, NULL, '2018-11-24 20:23:00', '2018-11-24 20:23:00', NULL),
(194, 'Test', '06', 236, NULL, NULL, NULL, NULL, NULL, NULL, '2018-11-30 18:25:27', '2018-11-30 18:29:39', NULL);

-- --------------------------------------------------------

--
-- Table structure for table `client_produits`
--

DROP TABLE IF EXISTS `client_produits`;
CREATE TABLE IF NOT EXISTS `client_produits` (
  `id` int(10) UNSIGNED NOT NULL AUTO_INCREMENT,
  `client_id` int(11) NOT NULL,
  `produit_id` int(11) NOT NULL,
  `created_by` int(11) NOT NULL,
  `created_at` timestamp NULL DEFAULT NULL,
  `updated_at` timestamp NULL DEFAULT NULL,
  PRIMARY KEY (`id`)
) ENGINE=InnoDB AUTO_INCREMENT=662 DEFAULT CHARSET=utf8mb4 COLLATE=utf8mb4_unicode_ci ROW_FORMAT=DYNAMIC;

--
-- Dumping data for table `client_produits`
--

INSERT INTO `client_produits` (`id`, `client_id`, `produit_id`, `created_by`, `created_at`, `updated_at`) VALUES
(4, 2, 4, 2, '2018-11-10 10:22:00', '2018-11-10 10:22:00'),
(5, 2, 5, 2, '2018-11-10 10:22:00', '2018-11-10 10:22:00'),
(6, 3, 6, 2, '2018-11-10 10:57:50', '2018-11-10 10:57:50'),
(8, 5, 8, 2, '2018-11-11 10:41:04', '2018-11-11 10:41:04'),
(9, 5, 9, 2, '2018-11-11 10:41:04', '2018-11-11 10:41:04'),
(12, 7, 12, 2, '2018-11-11 14:50:09', '2018-11-11 14:50:09'),
(13, 8, 13, 2, '2018-11-11 14:53:44', '2018-11-11 14:53:44'),
(14, 8, 14, 2, '2018-11-11 14:53:44', '2018-11-11 14:53:44'),
(15, 9, 15, 2, '2018-11-11 15:34:45', '2018-11-11 15:34:45'),
(16, 9, 16, 2, '2018-11-11 15:34:45', '2018-11-11 15:34:45'),
(18, 11, 18, 2, '2018-11-12 09:23:48', '2018-11-12 09:23:48'),
(19, 12, 19, 2, '2018-11-12 14:58:52', '2018-11-12 14:58:52'),
(20, 12, 20, 2, '2018-11-12 14:58:52', '2018-11-12 14:58:52'),
(21, 12, 21, 2, '2018-11-12 14:58:52', '2018-11-12 14:58:52'),
(22, 12, 22, 2, '2018-11-12 14:58:52', '2018-11-12 14:58:52'),
(23, 12, 23, 2, '2018-11-12 14:58:52', '2018-11-12 14:58:52'),
(24, 13, 24, 2, '2018-11-13 10:54:29', '2018-11-13 10:54:29'),
(25, 13, 25, 2, '2018-11-13 10:54:29', '2018-11-13 10:54:29'),
(26, 14, 26, 2, '2018-11-13 11:39:29', '2018-11-13 11:39:29'),
(27, 15, 27, 2, '2018-11-13 13:45:14', '2018-11-13 13:45:14'),
(28, 16, 28, 2, '2018-11-13 14:17:33', '2018-11-13 14:17:33'),
(29, 16, 29, 2, '2018-11-13 14:17:33', '2018-11-13 14:17:33'),
(30, 16, 30, 2, '2018-11-13 14:17:33', '2018-11-13 14:17:33'),
(34, 18, 34, 2, '2018-11-13 15:17:59', '2018-11-13 15:17:59'),
(35, 18, 35, 2, '2018-11-13 15:17:59', '2018-11-13 15:17:59'),
(36, 19, 36, 2, '2018-11-13 17:19:40', '2018-11-13 17:19:40'),
(37, 19, 37, 2, '2018-11-13 17:19:41', '2018-11-13 17:19:41'),
(38, 19, 38, 2, '2018-11-13 17:19:41', '2018-11-13 17:19:41'),
(39, 17, 39, 2, '2018-11-13 17:39:11', '2018-11-13 17:39:11'),
(40, 17, 40, 2, '2018-11-13 17:39:11', '2018-11-13 17:39:11'),
(41, 17, 41, 2, '2018-11-13 17:39:12', '2018-11-13 17:39:12'),
(42, 17, 42, 2, '2018-11-13 17:39:12', '2018-11-13 17:39:12'),
(94, 32, 94, 2, '2018-11-17 15:10:10', '2018-11-17 15:10:10'),
(95, 33, 95, 2, '2018-11-17 15:42:51', '2018-11-17 15:42:51'),
(96, 34, 96, 2, '2018-11-17 15:46:40', '2018-11-17 15:46:40'),
(98, 35, 98, 2, '2018-11-17 15:51:59', '2018-11-17 15:51:59'),
(99, 35, 99, 2, '2018-11-17 15:51:59', '2018-11-17 15:51:59'),
(102, 36, 102, 2, '2018-11-17 16:01:38', '2018-11-17 16:01:38'),
(103, 36, 103, 2, '2018-11-17 16:01:38', '2018-11-17 16:01:38'),
(104, 37, 104, 2, '2018-11-18 10:22:57', '2018-11-18 10:22:57'),
(105, 37, 105, 2, '2018-11-18 10:22:57', '2018-11-18 10:22:57'),
(106, 38, 106, 2, '2018-11-18 10:50:31', '2018-11-18 10:50:31'),
(107, 38, 107, 2, '2018-11-18 10:50:31', '2018-11-18 10:50:31'),
(108, 38, 108, 2, '2018-11-18 10:50:32', '2018-11-18 10:50:32'),
(109, 39, 109, 2, '2018-11-18 10:52:37', '2018-11-18 10:52:37'),
(110, 39, 110, 2, '2018-11-18 10:52:37', '2018-11-18 10:52:37'),
(111, 39, 111, 2, '2018-11-18 10:52:37', '2018-11-18 10:52:37'),
(112, 40, 112, 2, '2018-11-18 10:53:33', '2018-11-18 10:53:33'),
(116, 41, 116, 2, '2018-11-18 11:32:06', '2018-11-18 11:32:06'),
(117, 41, 117, 2, '2018-11-18 11:32:06', '2018-11-18 11:32:06'),
(118, 41, 118, 2, '2018-11-18 11:32:06', '2018-11-18 11:32:06'),
(120, 42, 120, 2, '2018-11-18 11:39:49', '2018-11-18 11:39:49'),
(121, 42, 121, 2, '2018-11-18 11:39:49', '2018-11-18 11:39:49'),
(122, 43, 122, 2, '2018-11-18 11:45:57', '2018-11-18 11:45:57'),
(123, 44, 123, 2, '2018-11-18 11:54:25', '2018-11-18 11:54:25'),
(124, 45, 124, 2, '2018-11-18 11:56:02', '2018-11-18 11:56:02'),
(128, 46, 128, 2, '2018-11-18 12:04:19', '2018-11-18 12:04:19'),
(129, 46, 129, 2, '2018-11-18 12:04:19', '2018-11-18 12:04:19'),
(130, 46, 130, 2, '2018-11-18 12:04:19', '2018-11-18 12:04:19'),
(133, 48, 133, 2, '2018-11-18 12:12:18', '2018-11-18 12:12:18'),
(134, 49, 134, 2, '2018-11-18 12:15:49', '2018-11-18 12:15:49'),
(136, 50, 136, 2, '2018-11-18 12:34:06', '2018-11-18 12:34:06'),
(137, 50, 137, 2, '2018-11-18 12:34:06', '2018-11-18 12:34:06'),
(138, 51, 138, 2, '2018-11-18 12:34:55', '2018-11-18 12:34:55'),
(139, 52, 139, 2, '2018-11-18 13:44:46', '2018-11-18 13:44:46'),
(140, 52, 140, 2, '2018-11-18 13:44:46', '2018-11-18 13:44:46'),
(141, 53, 141, 2, '2018-11-18 13:45:49', '2018-11-18 13:45:49'),
(142, 54, 142, 2, '2018-11-18 13:52:30', '2018-11-18 13:52:30'),
(151, 56, 151, 2, '2018-11-18 14:14:22', '2018-11-18 14:14:22'),
(152, 56, 152, 2, '2018-11-18 14:14:22', '2018-11-18 14:14:22'),
(153, 57, 153, 2, '2018-11-18 14:30:14', '2018-11-18 14:30:14'),
(154, 57, 154, 2, '2018-11-18 14:30:14', '2018-11-18 14:30:14'),
(155, 57, 155, 2, '2018-11-18 14:30:14', '2018-11-18 14:30:14'),
(158, 59, 158, 2, '2018-11-18 14:55:06', '2018-11-18 14:55:06'),
(159, 60, 159, 2, '2018-11-18 15:55:32', '2018-11-18 15:55:32'),
(164, 61, 164, 2, '2018-11-18 16:38:29', '2018-11-18 16:38:29'),
(165, 61, 165, 2, '2018-11-18 16:38:29', '2018-11-18 16:38:29'),
(166, 61, 166, 2, '2018-11-18 16:38:29', '2018-11-18 16:38:29'),
(177, 63, 177, 2, '2018-11-18 18:04:31', '2018-11-18 18:04:31'),
(178, 63, 178, 2, '2018-11-18 18:04:31', '2018-11-18 18:04:31'),
(179, 63, 179, 2, '2018-11-18 18:04:31', '2018-11-18 18:04:31'),
(250, 64, 250, 2, '2018-11-18 19:28:37', '2018-11-18 19:28:37'),
(251, 64, 251, 2, '2018-11-18 19:28:37', '2018-11-18 19:28:37'),
(252, 64, 252, 2, '2018-11-18 19:28:37', '2018-11-18 19:28:37'),
(253, 64, 253, 2, '2018-11-18 19:28:37', '2018-11-18 19:28:37'),
(254, 64, 254, 2, '2018-11-18 19:28:38', '2018-11-18 19:28:38'),
(255, 64, 255, 2, '2018-11-18 19:28:38', '2018-11-18 19:28:38'),
(256, 62, 256, 2, '2018-11-18 19:31:05', '2018-11-18 19:31:05'),
(257, 62, 257, 2, '2018-11-18 19:31:05', '2018-11-18 19:31:05'),
(258, 62, 258, 2, '2018-11-18 19:31:05', '2018-11-18 19:31:05'),
(259, 62, 259, 2, '2018-11-18 19:31:05', '2018-11-18 19:31:05'),
(260, 62, 260, 2, '2018-11-18 19:31:05', '2018-11-18 19:31:05'),
(261, 62, 261, 2, '2018-11-18 19:31:05', '2018-11-18 19:31:05'),
(262, 62, 262, 2, '2018-11-18 19:31:05', '2018-11-18 19:31:05'),
(263, 62, 263, 2, '2018-11-18 19:31:05', '2018-11-18 19:31:05'),
(264, 62, 264, 2, '2018-11-18 19:31:05', '2018-11-18 19:31:05'),
(265, 65, 265, 2, '2018-11-18 20:00:38', '2018-11-18 20:00:38'),
(266, 66, 266, 2, '2018-11-19 08:05:49', '2018-11-19 08:05:49'),
(267, 67, 267, 2, '2018-11-19 11:07:35', '2018-11-19 11:07:35'),
(268, 67, 268, 2, '2018-11-19 11:07:35', '2018-11-19 11:07:35'),
(269, 67, 269, 2, '2018-11-19 11:07:35', '2018-11-19 11:07:35'),
(270, 67, 270, 2, '2018-11-19 11:07:35', '2018-11-19 11:07:35'),
(271, 68, 271, 2, '2018-11-19 11:11:26', '2018-11-19 11:11:26'),
(272, 69, 272, 2, '2018-11-19 11:14:30', '2018-11-19 11:14:30'),
(274, 70, 274, 2, '2018-11-19 11:17:07', '2018-11-19 11:17:07'),
(275, 70, 275, 2, '2018-11-19 11:17:08', '2018-11-19 11:17:08'),
(277, 71, 277, 2, '2018-11-19 11:23:21', '2018-11-19 11:23:21'),
(295, 73, 295, 2, '2018-11-19 11:43:34', '2018-11-19 11:43:34'),
(296, 73, 296, 2, '2018-11-19 11:43:34', '2018-11-19 11:43:34'),
(297, 72, 297, 2, '2018-11-19 11:46:18', '2018-11-19 11:46:18'),
(298, 72, 298, 2, '2018-11-19 11:46:18', '2018-11-19 11:46:18'),
(299, 72, 299, 2, '2018-11-19 11:46:18', '2018-11-19 11:46:18'),
(301, 74, 301, 2, '2018-11-19 12:38:29', '2018-11-19 12:38:29'),
(302, 75, 302, 2, '2018-11-19 12:57:09', '2018-11-19 12:57:09'),
(303, 76, 303, 2, '2018-11-19 12:59:25', '2018-11-19 12:59:25'),
(304, 77, 304, 2, '2018-11-19 13:10:01', '2018-11-19 13:10:01'),
(311, 79, 311, 2, '2018-11-19 13:31:34', '2018-11-19 13:31:34'),
(312, 79, 312, 2, '2018-11-19 13:31:35', '2018-11-19 13:31:35'),
(313, 79, 313, 2, '2018-11-19 13:31:35', '2018-11-19 13:31:35'),
(314, 80, 314, 2, '2018-11-19 15:55:44', '2018-11-19 15:55:44'),
(316, 82, 316, 2, '2018-11-19 16:05:51', '2018-11-19 16:05:51'),
(318, 84, 318, 2, '2018-11-19 16:15:21', '2018-11-19 16:15:21'),
(319, 85, 319, 2, '2018-11-19 16:18:02', '2018-11-19 16:18:02'),
(320, 86, 320, 2, '2018-11-19 16:35:29', '2018-11-19 16:35:29'),
(333, 87, 333, 2, '2018-11-19 17:02:03', '2018-11-19 17:02:03'),
(334, 87, 334, 2, '2018-11-19 17:02:03', '2018-11-19 17:02:03'),
(335, 87, 335, 2, '2018-11-19 17:02:03', '2018-11-19 17:02:03'),
(336, 87, 336, 2, '2018-11-19 17:02:03', '2018-11-19 17:02:03'),
(338, 88, 338, 2, '2018-11-19 17:32:56', '2018-11-19 17:32:56'),
(339, 89, 339, 2, '2018-11-20 12:43:46', '2018-11-20 12:43:46'),
(341, 90, 341, 2, '2018-11-20 12:48:38', '2018-11-20 12:48:38'),
(342, 90, 342, 2, '2018-11-20 12:48:38', '2018-11-20 12:48:38'),
(343, 91, 343, 2, '2018-11-20 14:54:01', '2018-11-20 14:54:01'),
(347, 92, 347, 2, '2018-11-20 15:09:27', '2018-11-20 15:09:27'),
(348, 92, 348, 2, '2018-11-20 15:09:27', '2018-11-20 15:09:27'),
(349, 92, 349, 2, '2018-11-20 15:09:27', '2018-11-20 15:09:27'),
(384, 96, 384, 2, '2018-11-21 08:13:17', '2018-11-21 08:13:17'),
(385, 96, 385, 2, '2018-11-21 08:13:18', '2018-11-21 08:13:18'),
(386, 96, 386, 2, '2018-11-21 08:13:18', '2018-11-21 08:13:18'),
(387, 97, 387, 2, '2018-11-21 10:32:25', '2018-11-21 10:32:25'),
(389, 98, 389, 2, '2018-11-21 10:39:24', '2018-11-21 10:39:24'),
(390, 99, 390, 2, '2018-11-21 10:41:09', '2018-11-21 10:41:09'),
(391, 100, 391, 2, '2018-11-21 10:48:52', '2018-11-21 10:48:52'),
(392, 101, 392, 2, '2018-11-21 10:55:50', '2018-11-21 10:55:50'),
(393, 102, 393, 2, '2018-11-21 11:04:30', '2018-11-21 11:04:30'),
(397, 103, 397, 2, '2018-11-21 11:08:42', '2018-11-21 11:08:42'),
(398, 103, 398, 2, '2018-11-21 11:08:42', '2018-11-21 11:08:42'),
(400, 104, 400, 2, '2018-11-21 11:14:33', '2018-11-21 11:14:33'),
(401, 104, 401, 2, '2018-11-21 11:14:33', '2018-11-21 11:14:33'),
(402, 105, 402, 2, '2018-11-21 11:19:58', '2018-11-21 11:19:58'),
(403, 105, 403, 2, '2018-11-21 11:19:58', '2018-11-21 11:19:58'),
(404, 106, 404, 2, '2018-11-21 11:22:51', '2018-11-21 11:22:51'),
(414, 107, 414, 2, '2018-11-21 12:12:26', '2018-11-21 12:12:26'),
(415, 107, 415, 2, '2018-11-21 12:12:26', '2018-11-21 12:12:26'),
(416, 107, 416, 2, '2018-11-21 12:12:26', '2018-11-21 12:12:26'),
(417, 107, 417, 2, '2018-11-21 12:12:26', '2018-11-21 12:12:26'),
(418, 107, 418, 2, '2018-11-21 12:12:26', '2018-11-21 12:12:26'),
(419, 108, 419, 2, '2018-11-21 12:41:58', '2018-11-21 12:41:58'),
(420, 109, 420, 2, '2018-11-21 13:02:45', '2018-11-21 13:02:45'),
(421, 110, 421, 2, '2018-11-21 13:07:25', '2018-11-21 13:07:25'),
(424, 113, 424, 2, '2018-11-21 13:25:08', '2018-11-21 13:25:08'),
(428, 114, 428, 2, '2018-11-21 13:32:48', '2018-11-21 13:32:48'),
(429, 114, 429, 2, '2018-11-21 13:32:48', '2018-11-21 13:32:48'),
(431, 116, 431, 2, '2018-11-21 13:41:13', '2018-11-21 13:41:13'),
(442, 117, 442, 2, '2018-11-21 15:49:23', '2018-11-21 15:49:23'),
(443, 117, 443, 2, '2018-11-21 15:49:23', '2018-11-21 15:49:23'),
(444, 117, 444, 2, '2018-11-21 15:49:23', '2018-11-21 15:49:23'),
(445, 117, 445, 2, '2018-11-21 15:49:23', '2018-11-21 15:49:23'),
(446, 117, 446, 2, '2018-11-21 15:49:23', '2018-11-21 15:49:23'),
(448, 118, 448, 2, '2018-11-21 15:58:38', '2018-11-21 15:58:38'),
(449, 118, 449, 2, '2018-11-21 15:58:38', '2018-11-21 15:58:38'),
(454, 58, 454, 2, '2018-11-22 07:51:33', '2018-11-22 07:51:33'),
(455, 58, 455, 2, '2018-11-22 07:51:33', '2018-11-22 07:51:33'),
(456, 120, 456, 2, '2018-11-22 08:49:13', '2018-11-22 08:49:13'),
(457, 121, 457, 2, '2018-11-22 09:07:07', '2018-11-22 09:07:07'),
(458, 122, 458, 2, '2018-11-22 10:52:09', '2018-11-22 10:52:09'),
(469, 123, 469, 2, '2018-11-22 11:08:00', '2018-11-22 11:08:00'),
(470, 123, 470, 2, '2018-11-22 11:08:00', '2018-11-22 11:08:00'),
(471, 123, 471, 2, '2018-11-22 11:08:00', '2018-11-22 11:08:00'),
(472, 123, 472, 2, '2018-11-22 11:08:01', '2018-11-22 11:08:01'),
(473, 123, 473, 2, '2018-11-22 11:08:01', '2018-11-22 11:08:01'),
(474, 124, 474, 2, '2018-11-22 11:10:44', '2018-11-22 11:10:44'),
(475, 125, 475, 2, '2018-11-22 11:38:59', '2018-11-22 11:38:59'),
(476, 126, 476, 2, '2018-11-22 11:39:52', '2018-11-22 11:39:52'),
(483, 128, 483, 2, '2018-11-22 12:00:32', '2018-11-22 12:00:32'),
(484, 129, 484, 2, '2018-11-22 12:07:00', '2018-11-22 12:07:00'),
(485, 130, 485, 2, '2018-11-22 12:30:50', '2018-11-22 12:30:50'),
(495, 134, 495, 2, '2018-11-22 14:05:56', '2018-11-22 14:05:56'),
(496, 135, 496, 2, '2018-11-22 14:10:26', '2018-11-22 14:10:26'),
(497, 135, 497, 2, '2018-11-22 14:10:26', '2018-11-22 14:10:26'),
(501, 137, 501, 2, '2018-11-22 14:25:50', '2018-11-22 14:25:50'),
(502, 136, 502, 2, '2018-11-22 14:26:22', '2018-11-22 14:26:22'),
(503, 136, 503, 2, '2018-11-22 14:26:22', '2018-11-22 14:26:22'),
(504, 136, 504, 2, '2018-11-22 14:26:22', '2018-11-22 14:26:22'),
(505, 138, 505, 2, '2018-11-22 14:33:20', '2018-11-22 14:33:20'),
(506, 83, 506, 2, '2018-11-22 14:48:06', '2018-11-22 14:48:06'),
(508, 139, 508, 2, '2018-11-22 14:59:34', '2018-11-22 14:59:34'),
(509, 139, 509, 2, '2018-11-22 14:59:34', '2018-11-22 14:59:34'),
(511, 141, 511, 2, '2018-11-22 15:06:52', '2018-11-22 15:06:52'),
(518, 81, 518, 2, '2018-11-22 15:39:25', '2018-11-22 15:39:25'),
(519, 81, 519, 2, '2018-11-22 15:39:25', '2018-11-22 15:39:25'),
(526, 147, 526, 2, '2018-11-23 07:21:40', '2018-11-23 07:21:40'),
(527, 147, 527, 2, '2018-11-23 07:21:40', '2018-11-23 07:21:40'),
(528, 148, 528, 2, '2018-11-23 09:46:44', '2018-11-23 09:46:44'),
(529, 149, 529, 2, '2018-11-23 10:02:07', '2018-11-23 10:02:07'),
(530, 150, 530, 2, '2018-11-23 10:16:21', '2018-11-23 10:16:21'),
(532, 151, 532, 2, '2018-11-23 10:24:47', '2018-11-23 10:24:47'),
(533, 151, 533, 2, '2018-11-23 10:24:47', '2018-11-23 10:24:47'),
(535, 152, 535, 2, '2018-11-23 10:35:35', '2018-11-23 10:35:35'),
(536, 152, 536, 2, '2018-11-23 10:35:35', '2018-11-23 10:35:35'),
(537, 153, 537, 2, '2018-11-23 10:38:07', '2018-11-23 10:38:07'),
(539, 154, 539, 2, '2018-11-23 10:45:06', '2018-11-23 10:45:06'),
(540, 154, 540, 2, '2018-11-23 10:45:06', '2018-11-23 10:45:06'),
(542, 155, 542, 2, '2018-11-23 10:59:56', '2018-11-23 10:59:56'),
(543, 155, 543, 2, '2018-11-23 10:59:56', '2018-11-23 10:59:56'),
(545, 156, 545, 2, '2018-11-23 12:13:22', '2018-11-23 12:13:22'),
(546, 156, 546, 2, '2018-11-23 12:13:22', '2018-11-23 12:13:22'),
(551, 159, 551, 2, '2018-11-23 14:06:31', '2018-11-23 14:06:31'),
(553, 160, 553, 2, '2018-11-23 14:48:28', '2018-11-23 14:48:28'),
(554, 160, 554, 2, '2018-11-23 14:48:28', '2018-11-23 14:48:28'),
(556, 161, 556, 2, '2018-11-23 14:52:43', '2018-11-23 14:52:43'),
(558, 157, 558, 2, '2018-11-23 14:58:36', '2018-11-23 14:58:36'),
(559, 157, 559, 2, '2018-11-23 14:58:36', '2018-11-23 14:58:36'),
(560, 163, 560, 2, '2018-11-23 14:59:26', '2018-11-23 14:59:26'),
(561, 164, 561, 2, '2018-11-23 15:01:49', '2018-11-23 15:01:49'),
(562, 165, 562, 2, '2018-11-23 15:04:53', '2018-11-23 15:04:53'),
(563, 166, 563, 2, '2018-11-23 15:10:07', '2018-11-23 15:10:07'),
(564, 162, 564, 2, '2018-11-23 15:15:51', '2018-11-23 15:15:51'),
(576, 55, 576, 2, '2018-11-23 16:17:21', '2018-11-23 16:17:21'),
(577, 55, 577, 2, '2018-11-23 16:17:21', '2018-11-23 16:17:21'),
(581, 78, 581, 2, '2018-11-23 16:25:46', '2018-11-23 16:25:46'),
(582, 78, 582, 2, '2018-11-23 16:25:46', '2018-11-23 16:25:46'),
(583, 78, 583, 2, '2018-11-23 16:25:46', '2018-11-23 16:25:46'),
(584, 78, 584, 2, '2018-11-23 16:25:46', '2018-11-23 16:25:46'),
(585, 169, 585, 2, '2018-11-23 16:29:45', '2018-11-23 16:29:45'),
(586, 158, 586, 2, '2018-11-23 16:41:03', '2018-11-23 16:41:03'),
(589, 145, 589, 2, '2018-11-23 17:41:40', '2018-11-23 17:41:40'),
(590, 145, 590, 2, '2018-11-23 17:41:40', '2018-11-23 17:41:40'),
(592, 170, 592, 2, '2018-11-24 08:36:37', '2018-11-24 08:36:37'),
(593, 170, 593, 2, '2018-11-24 08:36:37', '2018-11-24 08:36:37'),
(594, 171, 594, 2, '2018-11-24 08:57:01', '2018-11-24 08:57:01'),
(595, 172, 595, 2, '2018-11-24 09:00:05', '2018-11-24 09:00:05'),
(596, 173, 596, 2, '2018-11-24 09:41:05', '2018-11-24 09:41:05'),
(597, 174, 597, 2, '2018-11-24 09:44:28', '2018-11-24 09:44:28'),
(598, 142, 598, 2, '2018-11-24 09:48:20', '2018-11-24 09:48:20'),
(599, 175, 599, 2, '2018-11-24 11:04:44', '2018-11-24 11:04:44'),
(600, 176, 600, 2, '2018-11-24 11:07:22', '2018-11-24 11:07:22'),
(602, 177, 602, 2, '2018-11-24 11:14:05', '2018-11-24 11:14:05'),
(603, 177, 603, 2, '2018-11-24 11:14:05', '2018-11-24 11:14:05'),
(604, 144, 604, 2, '2018-11-24 11:21:48', '2018-11-24 11:21:48'),
(605, 143, 605, 2, '2018-11-24 11:23:34', '2018-11-24 11:23:34'),
(606, 131, 606, 2, '2018-11-24 11:24:42', '2018-11-24 11:24:42'),
(607, 178, 607, 2, '2018-11-24 12:36:35', '2018-11-24 12:36:35'),
(614, 179, 614, 2, '2018-11-24 13:39:14', '2018-11-24 13:39:14'),
(615, 179, 615, 2, '2018-11-24 13:39:14', '2018-11-24 13:39:14'),
(616, 179, 616, 2, '2018-11-24 13:39:14', '2018-11-24 13:39:14'),
(617, 179, 617, 2, '2018-11-24 13:39:14', '2018-11-24 13:39:14'),
(619, 180, 619, 2, '2018-11-24 13:56:00', '2018-11-24 13:56:00'),
(620, 180, 620, 2, '2018-11-24 13:56:00', '2018-11-24 13:56:00'),
(622, 181, 622, 2, '2018-11-24 14:01:32', '2018-11-24 14:01:32'),
(623, 181, 623, 2, '2018-11-24 14:01:32', '2018-11-24 14:01:32'),
(624, 182, 624, 2, '2018-11-24 14:03:52', '2018-11-24 14:03:52'),
(625, 183, 625, 2, '2018-11-24 14:06:28', '2018-11-24 14:06:28'),
(626, 184, 626, 2, '2018-11-24 14:17:40', '2018-11-24 14:17:40'),
(628, 185, 628, 2, '2018-11-24 14:23:08', '2018-11-24 14:23:08'),
(629, 185, 629, 2, '2018-11-24 14:23:08', '2018-11-24 14:23:08'),
(631, 186, 631, 2, '2018-11-24 14:29:48', '2018-11-24 14:29:48'),
(632, 186, 632, 2, '2018-11-24 14:29:48', '2018-11-24 14:29:48'),
(634, 140, 634, 2, '2018-11-24 14:52:16', '2018-11-24 14:52:16'),
(636, 187, 636, 2, '2018-11-24 16:37:15', '2018-11-24 16:37:15'),
(637, 187, 637, 2, '2018-11-24 16:37:15', '2018-11-24 16:37:15'),
(638, 188, 638, 2, '2018-11-24 16:38:35', '2018-11-24 16:38:35'),
(642, 189, 642, 2, '2018-11-24 17:33:33', '2018-11-24 17:33:33'),
(643, 189, 643, 2, '2018-11-24 17:33:33', '2018-11-24 17:33:33'),
(644, 189, 644, 2, '2018-11-24 17:33:33', '2018-11-24 17:33:33'),
(648, 190, 648, 2, '2018-11-24 19:54:47', '2018-11-24 19:54:47'),
(649, 190, 649, 2, '2018-11-24 19:54:47', '2018-11-24 19:54:47'),
(650, 190, 650, 2, '2018-11-24 19:54:47', '2018-11-24 19:54:47'),
(654, 191, 654, 2, '2018-11-24 20:08:15', '2018-11-24 20:08:15'),
(655, 191, 655, 2, '2018-11-24 20:08:15', '2018-11-24 20:08:15'),
(656, 191, 656, 2, '2018-11-24 20:08:15', '2018-11-24 20:08:15'),
(657, 192, 657, 2, '2018-11-24 20:13:21', '2018-11-24 20:13:21'),
(658, 193, 658, 2, '2018-11-24 20:23:00', '2018-11-24 20:23:00'),
(660, 194, 660, 2, '2018-11-30 18:25:36', '2018-11-30 18:25:36'),
(661, 194, 661, 2, '2018-11-30 18:25:36', '2018-11-30 18:25:36');

-- --------------------------------------------------------

--
-- Table structure for table `migrations`
--

DROP TABLE IF EXISTS `migrations`;
CREATE TABLE IF NOT EXISTS `migrations` (
  `id` int(10) UNSIGNED NOT NULL AUTO_INCREMENT,
  `migration` varchar(255) COLLATE utf8mb4_unicode_ci NOT NULL,
  `batch` int(11) NOT NULL,
  PRIMARY KEY (`id`)
) ENGINE=InnoDB AUTO_INCREMENT=30 DEFAULT CHARSET=utf8mb4 COLLATE=utf8mb4_unicode_ci ROW_FORMAT=DYNAMIC;

--
-- Dumping data for table `migrations`
--

INSERT INTO `migrations` (`id`, `migration`, `batch`) VALUES
(23, '2014_10_12_000000_create_users_table', 1),
(24, '2014_10_12_100000_create_password_resets_table', 1),
(25, '2018_08_04_042155_create_clients_table', 1),
(26, '2018_08_04_042352_create_produits_table', 1),
(27, '2018_08_04_042820_create_client_produits_table', 1),
(28, '2018_10_15_173708_create_zones_table', 1),
(29, '2018_11_30_154545_add_deleted_at_to_clients', 2);

-- --------------------------------------------------------

--
-- Table structure for table `password_resets`
--

DROP TABLE IF EXISTS `password_resets`;
CREATE TABLE IF NOT EXISTS `password_resets` (
  `email` varchar(255) COLLATE utf8mb4_unicode_ci NOT NULL,
  `token` varchar(255) COLLATE utf8mb4_unicode_ci NOT NULL,
  `created_at` timestamp NOT NULL
) ENGINE=InnoDB DEFAULT CHARSET=utf8mb4 COLLATE=utf8mb4_unicode_ci ROW_FORMAT=DYNAMIC;

-- --------------------------------------------------------

--
-- Table structure for table `produits`
--

DROP TABLE IF EXISTS `produits`;
CREATE TABLE IF NOT EXISTS `produits` (
  `id` int(10) UNSIGNED NOT NULL AUTO_INCREMENT,
  `nombre_sac` int(11) NOT NULL,
  `tonnage` int(11) NOT NULL,
  `created_at` timestamp NULL DEFAULT NULL,
  `updated_at` timestamp NULL DEFAULT NULL,
  PRIMARY KEY (`id`)
) ENGINE=InnoDB AUTO_INCREMENT=662 DEFAULT CHARSET=utf8mb4 COLLATE=utf8mb4_unicode_ci ROW_FORMAT=DYNAMIC;

--
-- Dumping data for table `produits`
--

INSERT INTO `produits` (`id`, `nombre_sac`, `tonnage`, `created_at`, `updated_at`) VALUES
(4, 3, 157, '2018-11-10 10:22:00', '2018-11-10 10:22:00'),
(5, 6, 303, '2018-11-10 10:22:00', '2018-11-10 10:22:00'),
(6, 6, 423, '2018-11-10 10:57:50', '2018-11-10 10:57:50'),
(8, 8, 517, '2018-11-11 10:41:04', '2018-11-11 10:41:04'),
(9, 8, 424, '2018-11-11 10:41:04', '2018-11-11 10:41:04'),
(12, 2, 1082, '2018-11-11 14:50:09', '2018-11-11 14:50:09'),
(13, 5, 322, '2018-11-11 14:53:44', '2018-11-11 14:53:44'),
(14, 9, 181, '2018-11-11 14:53:44', '2018-11-11 14:53:44'),
(15, 6, 380, '2018-11-11 15:34:45', '2018-11-11 15:34:45'),
(16, 4, 234, '2018-11-11 15:34:45', '2018-11-11 15:34:45'),
(18, 5, 1960, '2018-11-12 09:23:48', '2018-11-12 09:23:48'),
(19, 7, 392, '2018-11-12 14:58:52', '2018-11-12 14:58:52'),
(20, 7, 360, '2018-11-12 14:58:52', '2018-11-12 14:58:52'),
(21, 7, 376, '2018-11-12 14:58:52', '2018-11-12 14:58:52'),
(22, 7, 443, '2018-11-12 14:58:52', '2018-11-12 14:58:52'),
(23, 6, 360, '2018-11-12 14:58:52', '2018-11-12 14:58:52'),
(24, 6, 456, '2018-11-13 10:54:29', '2018-11-13 10:54:29'),
(25, 7, 543, '2018-11-13 10:54:29', '2018-11-13 10:54:29'),
(26, 7, 300, '2018-11-13 11:39:29', '2018-11-13 11:39:29'),
(27, 1, 84, '2018-11-13 13:45:14', '2018-11-13 13:45:14'),
(28, 10, 445, '2018-11-13 14:17:33', '2018-11-13 14:17:33'),
(29, 8, 471, '2018-11-13 14:17:33', '2018-11-13 14:17:33'),
(30, 6, 166, '2018-11-13 14:17:33', '2018-11-13 14:17:33'),
(34, 5, 294, '2018-11-13 15:17:59', '2018-11-13 15:17:59'),
(35, 4, 218, '2018-11-13 15:17:59', '2018-11-13 15:17:59'),
(36, 6, 498, '2018-11-13 17:19:40', '2018-11-13 17:19:40'),
(37, 6, 433, '2018-11-13 17:19:41', '2018-11-13 17:19:41'),
(38, 1, 70, '2018-11-13 17:19:41', '2018-11-13 17:19:41'),
(39, 6, 391, '2018-11-13 17:39:11', '2018-11-13 17:39:11'),
(40, 7, 466, '2018-11-13 17:39:11', '2018-11-13 17:39:11'),
(41, 6, 466, '2018-11-13 17:39:12', '2018-11-13 17:39:12'),
(42, 5, 294, '2018-11-13 17:39:12', '2018-11-13 17:39:12'),
(94, 10, 650, '2018-11-17 15:10:10', '2018-11-17 15:10:10'),
(95, 7, 424, '2018-11-17 15:42:51', '2018-11-17 15:42:51'),
(96, 4, 258, '2018-11-17 15:46:40', '2018-11-17 15:46:40'),
(98, 7, 393, '2018-11-17 15:51:59', '2018-11-17 15:51:59'),
(99, 7, 423, '2018-11-17 15:51:59', '2018-11-17 15:51:59'),
(102, 6, 477, '2018-11-17 16:01:38', '2018-11-17 16:01:38'),
(103, 7, 515, '2018-11-17 16:01:38', '2018-11-17 16:01:38'),
(104, 5, 410, '2018-11-18 10:22:56', '2018-11-18 10:22:56'),
(105, 5, 399, '2018-11-18 10:22:57', '2018-11-18 10:22:57'),
(106, 6, 343, '2018-11-18 10:50:31', '2018-11-18 10:50:31'),
(107, 6, 356, '2018-11-18 10:50:31', '2018-11-18 10:50:31'),
(108, 5, 342, '2018-11-18 10:50:31', '2018-11-18 10:50:31'),
(109, 7, 598, '2018-11-18 10:52:37', '2018-11-18 10:52:37'),
(110, 7, 477, '2018-11-18 10:52:37', '2018-11-18 10:52:37'),
(111, 4, 277, '2018-11-18 10:52:37', '2018-11-18 10:52:37'),
(112, 302, 5, '2018-11-18 10:53:33', '2018-11-18 10:53:33'),
(116, 7, 520, '2018-11-18 11:32:06', '2018-11-18 11:32:06'),
(117, 7, 505, '2018-11-18 11:32:06', '2018-11-18 11:32:06'),
(118, 2, 177, '2018-11-18 11:32:06', '2018-11-18 11:32:06'),
(120, 7, 535, '2018-11-18 11:39:49', '2018-11-18 11:39:49'),
(121, 6, 466, '2018-11-18 11:39:49', '2018-11-18 11:39:49'),
(122, 7, 500, '2018-11-18 11:45:56', '2018-11-18 11:45:56'),
(123, 2, 96, '2018-11-18 11:54:25', '2018-11-18 11:54:25'),
(124, 8, 390, '2018-11-18 11:56:02', '2018-11-18 11:56:02'),
(128, 7, 459, '2018-11-18 12:04:19', '2018-11-18 12:04:19'),
(129, 7, 333, '2018-11-18 12:04:19', '2018-11-18 12:04:19'),
(130, 5, 128, '2018-11-18 12:04:19', '2018-11-18 12:04:19'),
(133, 7, 484, '2018-11-18 12:12:18', '2018-11-18 12:12:18'),
(134, 7, 451, '2018-11-18 12:15:49', '2018-11-18 12:15:49'),
(136, 5, 382, '2018-11-18 12:34:06', '2018-11-18 12:34:06'),
(137, 4, 298, '2018-11-18 12:34:06', '2018-11-18 12:34:06'),
(138, 7, 433, '2018-11-18 12:34:55', '2018-11-18 12:34:55'),
(139, 7, 424, '2018-11-18 13:44:46', '2018-11-18 13:44:46'),
(140, 6, 379, '2018-11-18 13:44:46', '2018-11-18 13:44:46'),
(141, 3, 206, '2018-11-18 13:45:49', '2018-11-18 13:45:49'),
(142, 6, 512, '2018-11-18 13:52:30', '2018-11-18 13:52:30'),
(151, 5, 350, '2018-11-18 14:14:22', '2018-11-18 14:14:22'),
(152, 4, 286, '2018-11-18 14:14:22', '2018-11-18 14:14:22'),
(153, 7, 542, '2018-11-18 14:30:13', '2018-11-18 14:30:13'),
(154, 4, 524, '2018-11-18 14:30:14', '2018-11-18 14:30:14'),
(155, 4, 170, '2018-11-18 14:30:14', '2018-11-18 14:30:14'),
(158, 6, 486, '2018-11-18 14:55:06', '2018-11-18 14:55:06'),
(159, 3, 201, '2018-11-18 15:55:32', '2018-11-18 15:55:32'),
(164, 7, 493, '2018-11-18 16:38:29', '2018-11-18 16:38:29'),
(165, 7, 523, '2018-11-18 16:38:29', '2018-11-18 16:38:29'),
(166, 7, 550, '2018-11-18 16:38:29', '2018-11-18 16:38:29'),
(177, 8, 535, '2018-11-18 18:04:31', '2018-11-18 18:04:31'),
(178, 8, 557, '2018-11-18 18:04:31', '2018-11-18 18:04:31'),
(179, 2, 136, '2018-11-18 18:04:31', '2018-11-18 18:04:31'),
(250, 6, 392, '2018-11-18 19:28:37', '2018-11-18 19:28:37'),
(251, 6, 412, '2018-11-18 19:28:37', '2018-11-18 19:28:37'),
(252, 6, 401, '2018-11-18 19:28:37', '2018-11-18 19:28:37'),
(253, 6, 424, '2018-11-18 19:28:37', '2018-11-18 19:28:37'),
(254, 6, 413, '2018-11-18 19:28:38', '2018-11-18 19:28:38'),
(255, 5, 337, '2018-11-18 19:28:38', '2018-11-18 19:28:38'),
(256, 6, 187, '2018-11-18 19:31:05', '2018-11-18 19:31:05'),
(257, 15, 498, '2018-11-18 19:31:05', '2018-11-18 19:31:05'),
(258, 15, 497, '2018-11-18 19:31:05', '2018-11-18 19:31:05'),
(259, 15, 483, '2018-11-18 19:31:05', '2018-11-18 19:31:05'),
(260, 15, 492, '2018-11-18 19:31:05', '2018-11-18 19:31:05'),
(261, 15, 513, '2018-11-18 19:31:05', '2018-11-18 19:31:05'),
(262, 15, 513, '2018-11-18 19:31:05', '2018-11-18 19:31:05'),
(263, 16, 552, '2018-11-18 19:31:05', '2018-11-18 19:31:05'),
(264, 17, 587, '2018-11-18 19:31:05', '2018-11-18 19:31:05'),
(265, 2, 120, '2018-11-18 20:00:38', '2018-11-18 20:00:38'),
(266, 13, 923, '2018-11-19 08:05:49', '2018-11-19 08:05:49'),
(267, 7, 537, '2018-11-19 11:07:35', '2018-11-19 11:07:35'),
(268, 5, 355, '2018-11-19 11:07:35', '2018-11-19 11:07:35'),
(269, 7, 502, '2018-11-19 11:07:35', '2018-11-19 11:07:35'),
(270, 3, 221, '2018-11-19 11:07:35', '2018-11-19 11:07:35'),
(271, 6, 223, '2018-11-19 11:11:26', '2018-11-19 11:11:26'),
(272, 2, 133, '2018-11-19 11:14:30', '2018-11-19 11:14:30'),
(274, 5, 318, '2018-11-19 11:17:07', '2018-11-19 11:17:07'),
(275, 5, 329, '2018-11-19 11:17:07', '2018-11-19 11:17:07'),
(277, 4, 210, '2018-11-19 11:23:21', '2018-11-19 11:23:21'),
(295, 15, 472, '2018-11-19 11:43:34', '2018-11-19 11:43:34'),
(296, 9, 207, '2018-11-19 11:43:34', '2018-11-19 11:43:34'),
(297, 12, 381, '2018-11-19 11:46:18', '2018-11-19 11:46:18'),
(298, 12, 381, '2018-11-19 11:46:18', '2018-11-19 11:46:18'),
(299, 17, 424, '2018-11-19 11:46:18', '2018-11-19 11:46:18'),
(301, 3, 193, '2018-11-19 12:38:29', '2018-11-19 12:38:29'),
(302, 3, 132, '2018-11-19 12:57:09', '2018-11-19 12:57:09'),
(303, 6, 315, '2018-11-19 12:59:25', '2018-11-19 12:59:25'),
(304, 7, 274, '2018-11-19 13:10:01', '2018-11-19 13:10:01'),
(311, 7, 527, '2018-11-19 13:31:34', '2018-11-19 13:31:34'),
(312, 7, 508, '2018-11-19 13:31:34', '2018-11-19 13:31:34'),
(313, 7, 489, '2018-11-19 13:31:35', '2018-11-19 13:31:35'),
(314, 9, 660, '2018-11-19 15:55:44', '2018-11-19 15:55:44'),
(316, 8, 529, '2018-11-19 16:05:51', '2018-11-19 16:05:51'),
(318, 7, 414, '2018-11-19 16:15:21', '2018-11-19 16:15:21'),
(319, 4, 254, '2018-11-19 16:18:02', '2018-11-19 16:18:02'),
(320, 6, 365, '2018-11-19 16:35:29', '2018-11-19 16:35:29'),
(333, 7, 428, '2018-11-19 17:02:03', '2018-11-19 17:02:03'),
(334, 7, 509, '2018-11-19 17:02:03', '2018-11-19 17:02:03'),
(335, 7, 510, '2018-11-19 17:02:03', '2018-11-19 17:02:03'),
(336, 9, 572, '2018-11-19 17:02:03', '2018-11-19 17:02:03'),
(338, 8, 544, '2018-11-19 17:32:56', '2018-11-19 17:32:56'),
(339, 7, 397, '2018-11-20 12:43:46', '2018-11-20 12:43:46'),
(341, 7, 437, '2018-11-20 12:48:38', '2018-11-20 12:48:38'),
(342, 5, 324, '2018-11-20 12:48:38', '2018-11-20 12:48:38'),
(343, 7, 397, '2018-11-20 14:54:01', '2018-11-20 14:54:01'),
(347, 7, 439, '2018-11-20 15:09:27', '2018-11-20 15:09:27'),
(348, 6, 350, '2018-11-20 15:09:27', '2018-11-20 15:09:27'),
(349, 3, 137, '2018-11-20 15:09:27', '2018-11-20 15:09:27'),
(384, 6, 435, '2018-11-21 08:13:17', '2018-11-21 08:13:17'),
(385, 6, 469, '2018-11-21 08:13:17', '2018-11-21 08:13:17'),
(386, 4, 306, '2018-11-21 08:13:18', '2018-11-21 08:13:18'),
(387, 4, 99, '2018-11-21 10:32:25', '2018-11-21 10:32:25'),
(389, 4, 239, '2018-11-21 10:39:24', '2018-11-21 10:39:24'),
(390, 7, 495, '2018-11-21 10:41:09', '2018-11-21 10:41:09'),
(391, 5, 387, '2018-11-21 10:48:52', '2018-11-21 10:48:52'),
(392, 7, 476, '2018-11-21 10:55:50', '2018-11-21 10:55:50'),
(393, 7, 404, '2018-11-21 11:04:30', '2018-11-21 11:04:30'),
(397, 6, 406, '2018-11-21 11:08:42', '2018-11-21 11:08:42'),
(398, 4, 206, '2018-11-21 11:08:42', '2018-11-21 11:08:42'),
(400, 7, 486, '2018-11-21 11:14:33', '2018-11-21 11:14:33'),
(401, 7, 508, '2018-11-21 11:14:33', '2018-11-21 11:14:33'),
(402, 7, 448, '2018-11-21 11:19:58', '2018-11-21 11:19:58'),
(403, 9, 357, '2018-11-21 11:19:58', '2018-11-21 11:19:58'),
(404, 7, 398, '2018-11-21 11:22:51', '2018-11-21 11:22:51'),
(414, 7, 402, '2018-11-21 12:12:26', '2018-11-21 12:12:26'),
(415, 7, 387, '2018-11-21 12:12:26', '2018-11-21 12:12:26'),
(416, 7, 386, '2018-11-21 12:12:26', '2018-11-21 12:12:26'),
(417, 6, 348, '2018-11-21 12:12:26', '2018-11-21 12:12:26'),
(418, 5, 285, '2018-11-21 12:12:26', '2018-11-21 12:12:26'),
(419, 7, 411, '2018-11-21 12:41:58', '2018-11-21 12:41:58'),
(420, 7, 311, '2018-11-21 13:02:45', '2018-11-21 13:02:45'),
(421, 4, 286, '2018-11-21 13:07:25', '2018-11-21 13:07:25'),
(424, 4, 254, '2018-11-21 13:25:08', '2018-11-21 13:25:08'),
(428, 5, 440, '2018-11-21 13:32:48', '2018-11-21 13:32:48'),
(429, 4, 346, '2018-11-21 13:32:48', '2018-11-21 13:32:48'),
(431, 4, 279, '2018-11-21 13:41:13', '2018-11-21 13:41:13'),
(442, 7, 488, '2018-11-21 15:49:23', '2018-11-21 15:49:23'),
(443, 7, 520, '2018-11-21 15:49:23', '2018-11-21 15:49:23'),
(444, 5, 372, '2018-11-21 15:49:23', '2018-11-21 15:49:23'),
(445, 5, 431, '2018-11-21 15:49:23', '2018-11-21 15:49:23'),
(446, 4, 345, '2018-11-21 15:49:23', '2018-11-21 15:49:23'),
(448, 7, 494, '2018-11-21 15:58:38', '2018-11-21 15:58:38'),
(449, 7, 479, '2018-11-21 15:58:38', '2018-11-21 15:58:38'),
(454, 3, 203, '2018-11-22 07:51:33', '2018-11-22 07:51:33'),
(455, 4, 158, '2018-11-22 07:51:33', '2018-11-22 07:51:33'),
(456, 3, 164, '2018-11-22 08:49:13', '2018-11-22 08:49:13'),
(457, 6, 447, '2018-11-22 09:07:07', '2018-11-22 09:07:07'),
(458, 11, 322, '2018-11-22 10:52:09', '2018-11-22 10:52:09'),
(469, 12, 357, '2018-11-22 11:08:00', '2018-11-22 11:08:00'),
(470, 15, 443, '2018-11-22 11:08:00', '2018-11-22 11:08:00'),
(471, 12, 364, '2018-11-22 11:08:00', '2018-11-22 11:08:00'),
(472, 14, 416, '2018-11-22 11:08:01', '2018-11-22 11:08:01'),
(473, 12, 371, '2018-11-22 11:08:01', '2018-11-22 11:08:01'),
(474, 4, 315, '2018-11-22 11:10:44', '2018-11-22 11:10:44'),
(475, 4, 290, '2018-11-22 11:38:59', '2018-11-22 11:38:59'),
(476, 4, 264, '2018-11-22 11:39:51', '2018-11-22 11:39:51'),
(483, 8, 562, '2018-11-22 12:00:32', '2018-11-22 12:00:32'),
(484, 6, 393, '2018-11-22 12:07:00', '2018-11-22 12:07:00'),
(485, 3, 168, '2018-11-22 12:30:50', '2018-11-22 12:30:50'),
(495, 7, 501, '2018-11-22 14:05:56', '2018-11-22 14:05:56'),
(496, 10, 731, '2018-11-22 14:10:26', '2018-11-22 14:10:26'),
(497, 4, 301, '2018-11-22 14:10:26', '2018-11-22 14:10:26'),
(501, 2, 110, '2018-11-22 14:25:50', '2018-11-22 14:25:50'),
(502, 5, 354, '2018-11-22 14:26:22', '2018-11-22 14:26:22'),
(503, 7, 425, '2018-11-22 14:26:22', '2018-11-22 14:26:22'),
(504, 4, 270, '2018-11-22 14:26:22', '2018-11-22 14:26:22'),
(505, 7, 522, '2018-11-22 14:33:20', '2018-11-22 14:33:20'),
(506, 7, 457, '2018-11-22 14:48:05', '2018-11-22 14:48:05'),
(508, 7, 533, '2018-11-22 14:59:34', '2018-11-22 14:59:34'),
(509, 7, 573, '2018-11-22 14:59:34', '2018-11-22 14:59:34'),
(511, 7, 495, '2018-11-22 15:06:52', '2018-11-22 15:06:52'),
(518, 7, 580, '2018-11-22 15:39:25', '2018-11-22 15:39:25'),
(519, 7, 482, '2018-11-22 15:39:25', '2018-11-22 15:39:25'),
(526, 4, 241, '2018-11-23 07:21:40', '2018-11-23 07:21:40'),
(527, 5, 348, '2018-11-23 07:21:40', '2018-11-23 07:21:40'),
(528, 7, 413, '2018-11-23 09:46:44', '2018-11-23 09:46:44'),
(529, 3, 223, '2018-11-23 10:02:07', '2018-11-23 10:02:07'),
(530, 7, 527, '2018-11-23 10:16:21', '2018-11-23 10:16:21'),
(532, 6, 387, '2018-11-23 10:24:47', '2018-11-23 10:24:47'),
(533, 5, 355, '2018-11-23 10:24:47', '2018-11-23 10:24:47'),
(535, 4, 335, '2018-11-23 10:35:35', '2018-11-23 10:35:35'),
(536, 4, 326, '2018-11-23 10:35:35', '2018-11-23 10:35:35'),
(537, 5, 331, '2018-11-23 10:38:07', '2018-11-23 10:38:07'),
(539, 7, 513, '2018-11-23 10:45:06', '2018-11-23 10:45:06'),
(540, 7, 531, '2018-11-23 10:45:06', '2018-11-23 10:45:06'),
(542, 7, 464, '2018-11-23 10:59:56', '2018-11-23 10:59:56'),
(543, 9, 384, '2018-11-23 10:59:56', '2018-11-23 10:59:56'),
(545, 4, 315, '2018-11-23 12:13:22', '2018-11-23 12:13:22'),
(546, 4, 323, '2018-11-23 12:13:22', '2018-11-23 12:13:22'),
(551, 7, 430, '2018-11-23 14:06:31', '2018-11-23 14:06:31'),
(553, 7, 497, '2018-11-23 14:48:28', '2018-11-23 14:48:28'),
(554, 8, 571, '2018-11-23 14:48:28', '2018-11-23 14:48:28'),
(556, 5, 412, '2018-11-23 14:52:43', '2018-11-23 14:52:43'),
(558, 7, 434, '2018-11-23 14:58:36', '2018-11-23 14:58:36'),
(559, 12, 278, '2018-11-23 14:58:36', '2018-11-23 14:58:36'),
(560, 3, 276, '2018-11-23 14:59:26', '2018-11-23 14:59:26'),
(561, 7, 241, '2018-11-23 15:01:49', '2018-11-23 15:01:49'),
(562, 4, 211, '2018-11-23 15:04:53', '2018-11-23 15:04:53'),
(563, 3, 163, '2018-11-23 15:10:07', '2018-11-23 15:10:07'),
(564, 8, 663, '2018-11-23 15:15:51', '2018-11-23 15:15:51'),
(576, 5, 310, '2018-11-23 16:17:21', '2018-11-23 16:17:21'),
(577, 7, 384, '2018-11-23 16:17:21', '2018-11-23 16:17:21'),
(581, 8, 440, '2018-11-23 16:25:46', '2018-11-23 16:25:46'),
(582, 7, 462, '2018-11-23 16:25:46', '2018-11-23 16:25:46'),
(583, 7, 392, '2018-11-23 16:25:46', '2018-11-23 16:25:46'),
(584, 8, 313, '2018-11-23 16:25:46', '2018-11-23 16:25:46'),
(585, 5, 415, '2018-11-23 16:29:45', '2018-11-23 16:29:45'),
(586, 7, 532, '2018-11-23 16:41:03', '2018-11-23 16:41:03'),
(589, 5, 320, '2018-11-23 17:41:40', '2018-11-23 17:41:40'),
(590, 5, 233, '2018-11-23 17:41:40', '2018-11-23 17:41:40'),
(592, 5, 364, '2018-11-24 08:36:37', '2018-11-24 08:36:37'),
(593, 4, 317, '2018-11-24 08:36:37', '2018-11-24 08:36:37'),
(594, 6, 472, '2018-11-24 08:57:01', '2018-11-24 08:57:01'),
(595, 7, 479, '2018-11-24 09:00:05', '2018-11-24 09:00:05'),
(596, 7, 448, '2018-11-24 09:41:05', '2018-11-24 09:41:05'),
(597, 5, 295, '2018-11-24 09:44:28', '2018-11-24 09:44:28'),
(598, 4, 338, '2018-11-24 09:48:20', '2018-11-24 09:48:20'),
(599, 7, 405, '2018-11-24 11:04:44', '2018-11-24 11:04:44'),
(600, 7, 403, '2018-11-24 11:07:22', '2018-11-24 11:07:22'),
(602, 10, 542, '2018-11-24 11:14:05', '2018-11-24 11:14:05'),
(603, 4, 204, '2018-11-24 11:14:05', '2018-11-24 11:14:05'),
(604, 7, 458, '2018-11-24 11:21:48', '2018-11-24 11:21:48'),
(605, 7, 414, '2018-11-24 11:23:34', '2018-11-24 11:23:34'),
(606, 8, 567, '2018-11-24 11:24:42', '2018-11-24 11:24:42'),
(607, 7, 235, '2018-11-24 12:36:35', '2018-11-24 12:36:35'),
(614, 7, 648, '2018-11-24 13:39:14', '2018-11-24 13:39:14'),
(615, 6, 562, '2018-11-24 13:39:14', '2018-11-24 13:39:14'),
(616, 5, 420, '2018-11-24 13:39:14', '2018-11-24 13:39:14'),
(617, 4, 360, '2018-11-24 13:39:14', '2018-11-24 13:39:14'),
(619, 6, 449, '2018-11-24 13:56:00', '2018-11-24 13:56:00'),
(620, 6, 446, '2018-11-24 13:56:00', '2018-11-24 13:56:00'),
(622, 5, 397, '2018-11-24 14:01:32', '2018-11-24 14:01:32'),
(623, 5, 385, '2018-11-24 14:01:32', '2018-11-24 14:01:32'),
(624, 5, 376, '2018-11-24 14:03:52', '2018-11-24 14:03:52'),
(625, 5, 274, '2018-11-24 14:06:28', '2018-11-24 14:06:28'),
(626, 4, 129, '2018-11-24 14:17:40', '2018-11-24 14:17:40'),
(628, 9, 653, '2018-11-24 14:23:08', '2018-11-24 14:23:08'),
(629, 6, 408, '2018-11-24 14:23:08', '2018-11-24 14:23:08'),
(631, 5, 384, '2018-11-24 14:29:48', '2018-11-24 14:29:48'),
(632, 4, 316, '2018-11-24 14:29:48', '2018-11-24 14:29:48'),
(634, 6, 497, '2018-11-24 14:52:16', '2018-11-24 14:52:16'),
(636, 7, 492, '2018-11-24 16:37:15', '2018-11-24 16:37:15'),
(637, 7, 417, '2018-11-24 16:37:15', '2018-11-24 16:37:15'),
(638, 3, 240, '2018-11-24 16:38:35', '2018-11-24 16:38:35'),
(642, 7, 569, '2018-11-24 17:33:33', '2018-11-24 17:33:33'),
(643, 4, 336, '2018-11-24 17:33:33', '2018-11-24 17:33:33'),
(644, 4, 341, '2018-11-24 17:33:33', '2018-11-24 17:33:33'),
(648, 8, 331, '2018-11-24 19:54:47', '2018-11-24 19:54:47'),
(649, 14, 413, '2018-11-24 19:54:47', '2018-11-24 19:54:47'),
(650, 7, 249, '2018-11-24 19:54:47', '2018-11-24 19:54:47'),
(654, 10, 310, '2018-11-24 20:08:15', '2018-11-24 20:08:15'),
(655, 8, 237, '2018-11-24 20:08:15', '2018-11-24 20:08:15'),
(656, 6, 542, '2018-11-24 20:08:15', '2018-11-24 20:08:15'),
(657, 6, 520, '2018-11-24 20:13:21', '2018-11-24 20:13:21'),
(658, 5, 445, '2018-11-24 20:23:00', '2018-11-24 20:23:00'),
(660, 12, 255, '2018-11-30 18:25:36', '2018-11-30 18:25:36'),
(661, 12, 244, '2018-11-30 18:25:36', '2018-11-30 18:25:36');

-- --------------------------------------------------------

--
-- Table structure for table `users`
--

DROP TABLE IF EXISTS `users`;
CREATE TABLE IF NOT EXISTS `users` (
  `id` int(10) UNSIGNED NOT NULL AUTO_INCREMENT,
  `name` varchar(255) COLLATE utf8mb4_unicode_ci NOT NULL,
  `username` varchar(255) COLLATE utf8mb4_unicode_ci NOT NULL,
  `role` varchar(255) COLLATE utf8mb4_unicode_ci NOT NULL,
  `password` varchar(255) COLLATE utf8mb4_unicode_ci NOT NULL,
  `remember_token` varchar(100) COLLATE utf8mb4_unicode_ci DEFAULT NULL,
  `created_at` timestamp NULL DEFAULT NULL,
  `updated_at` timestamp NULL DEFAULT NULL,
  PRIMARY KEY (`id`),
  UNIQUE KEY `users_username_unique` (`username`)
) ENGINE=InnoDB AUTO_INCREMENT=9 DEFAULT CHARSET=utf8mb4 COLLATE=utf8mb4_unicode_ci ROW_FORMAT=DYNAMIC;

--
-- Dumping data for table `users`
--

INSERT INTO `users` (`id`, `name`, `username`, `role`, `password`, `remember_token`, `created_at`, `updated_at`) VALUES
(1, 'admin', 'admin', 'admin', '$2y$10$Xl3lTPL0t2S71nU6JuwnZuJUgYSbjSfNR8cl5G56icGRRi2US6diq', 'Hf8R0IEPj6NPboZZZ8ifW6H135sjD8199OtUWfwgGQt8sxK6rGaMF7xAcnff', '2018-11-10 08:12:44', '2018-11-10 08:12:44'),
(2, 'injecteur', 'injecteur', 'injecteur', '$2y$10$zGUerB7TbW7FJmD61XNpe.zwD3Yxa4ZLbEsVGqaEYiuQrSKrRj9y6', 'nmwiIZ29Aj4NXNDzhljpivK6n38Kwwhmpa7zRnEK64oa4CpR509XWSuTY0Ng', '2018-11-10 08:13:09', '2018-11-10 08:13:09'),
(3, 'caissiere', 'caissiere', 'caissiere', '$2y$10$H6OEqO6WRh/2SEtZfHWxSeU9sxqp5JxitA4P.OHAq4uw0qQ9oxOcq', 'zHiddMSiAHeGjPu8XvNXhrpFoKVrBT5QVRmDx4g22xS7GqUann0q9QVbhRLU', '2018-11-10 08:13:35', '2018-11-10 08:13:35'),
(4, 'donneur', 'donneur', 'donneur', '$2y$10$BNWRXlh27m.mNQc7hLVgZOUJAooh2eZNzBxxc4d828oMtIRZKC8IW', 'megqqCezVXGf0u244EhJc3KXMVuBvlYk5hudgc3ooYukKT6PbYI80vEcK1wh', '2018-11-10 08:14:00', '2018-11-10 08:14:00'),
(5, 'bassma jaadi', 'bassmajaadi', 'caissiere', '$2y$10$y5PxiRgH9pORo7FtOAO2T.QkZ2LF6YJkaZ9kkHj/.MZX7MBjFJ2jG', 'l1fAP2WlRM6MNWolZBa6NtoW0TWRLSjJLJ78kgI6g4HeDbrKDYqGwkgPz72A', '2018-11-11 11:05:44', '2018-11-11 11:05:44'),
(6, 'youssef', 'youssef', 'donneur', '$2y$10$roD1kF56U38XdQRGMkMh9eVqlNMdyJgauGv3N77BWJt2sRStEkbqe', 'SZOWL4EUXr00O4bjMnqmFXjrl9TX9GsUAhOdT61z6mNPugkkc6kFTHHMtDYT', '2018-11-11 11:18:27', '2018-11-11 11:18:27'),
(7, 'ahmed chettioui', 'ahmedchettioui', 'caissiere', '$2y$10$WcJfaHE6NUoGAeZ3ePgS0.3LXAsNPGktaOc0o67ZkjwVfexCQB2Sy', '6AzdDheokzYpxisjZ7vEoag3subm3hK2w7uSNJUWfcxptsr45tNmpk5J7wgO', '2018-11-11 11:24:52', '2018-11-11 11:24:52'),
(8, 'Youssef', 'Azzaoui', 'admin', '$2y$10$UUvbLFUITUHAwkBwGlNBdurgZu3Y7ozJcbn/z/KJTs3vsgMIEyFA6', NULL, '2018-11-13 15:32:53', '2018-11-13 15:32:53');

-- --------------------------------------------------------

--
-- Table structure for table `zones`
--

DROP TABLE IF EXISTS `zones`;
CREATE TABLE IF NOT EXISTS `zones` (
  `id` int(10) UNSIGNED NOT NULL AUTO_INCREMENT,
  `name` varchar(255) COLLATE utf8mb4_unicode_ci NOT NULL,
  `created_at` timestamp NULL DEFAULT NULL,
  `updated_at` timestamp NULL DEFAULT NULL,
  PRIMARY KEY (`id`)
) ENGINE=InnoDB AUTO_INCREMENT=11 DEFAULT CHARSET=utf8mb4 COLLATE=utf8mb4_unicode_ci ROW_FORMAT=DYNAMIC;

--
-- Dumping data for table `zones`
--

INSERT INTO `zones` (`id`, `name`, `created_at`, `updated_at`) VALUES
(1, 'wlad ali', '2018-11-10 08:17:33', '2018-11-10 08:17:33'),
(2, 'Tatoft', '2018-11-11 11:44:07', '2018-11-11 11:44:07'),
(3, 'Ggwhw', '2018-11-16 20:54:05', '2018-11-16 20:54:05'),
(4, 'Gdgd', '2018-11-16 20:57:39', '2018-11-16 20:57:39'),
(5, 'Yff', '2018-11-16 21:03:50', '2018-11-16 21:03:50'),
(6, 'DVD', '2018-11-16 21:04:36', '2018-11-16 21:04:36'),
(7, 'B,b', '2018-11-16 21:07:23', '2018-11-16 21:07:23'),
(8, 'Rissana', '2018-11-17 15:42:51', '2018-11-17 15:42:51'),
(9, 'Tatouft', '2018-11-19 16:11:39', '2018-11-19 16:11:39'),
(10, 'Wgdhf', '2018-11-20 21:47:22', '2018-11-20 21:47:22');
COMMIT;

/*!40101 SET CHARACTER_SET_CLIENT=@OLD_CHARACTER_SET_CLIENT */;
/*!40101 SET CHARACTER_SET_RESULTS=@OLD_CHARACTER_SET_RESULTS */;
/*!40101 SET COLLATION_CONNECTION=@OLD_COLLATION_CONNECTION */;
